date_time,measure_position_id,so2_value,co_value,o3_value,no2_value,pm10_value,pm10_expected_value,pm25_value,pm25_expected_value,integrated_value,integrated_grade,so2_grade,co_grade,o3_grade,no2_grade,pm10_day_grade,pm25_day_grade,pm10_hour_grade,pm25_flag,so2_flag,co_flag,o3_flag,no2_flag,pm10_flag
2023-08-25 00:00:00,1,0.001,0.6,0.039,0.006,23.0,17.0,10.0,6.0,58.0,2.0,1.0,1.0,2.0,1.0,1.0,1.0,1.0,,,,,,
2023-08-25 00:00:00,2,0.002,0.4,0.049,0.003,21.0,17.0,7.0,8.0,66.0,2.0,1.0,1.0,2.0,1.0,1.0,1.0,1.0,,,,,,
2023-08-25 00:00:00,3,0.001,0.4,0.042,0.004,21.0,14.0,7.0,5.0,60.0,2.0,1.0,1.0,2.0,1.0,1.0,1.0,1.0,,,,,,
2023-08-25 00:00:00,4,0.002,0.3,0.048,0.002,17.0,14.0,8.0,7.0,65.0,2.0,1.0,1.0,2.0,1.0,1.0,1.0,1.0,,,,,,
2023-08-25 00:00:00,5,0.002,0.3,0.039,0.005,26.0,15.0,6.0,6.0,57.0,2.0,1.0,1.0,2.0,1.0,1.0,1.0,1.0,,,,,,
2023-08-25 00:00:00,6,0.001,0.3,0.041,0.004,15.0,14.0,,,,,1.0,1.0,2.0,1.0,1.0,,1.0,통신장애,,,,,
2023-08-25 00:00:00,7,0.002,0.2,0.023,0.005,25.0,17.0,9.0,12.0,40.0,1.0,1.0,1.0,1.0,1.0,1.0,1.0,1.0,,,,,,
2023-08-25 00:00:00,8,0.001,0.3,0.018,0.004,25.0,19.0,6.0,5.0,32.0,1.0,1.0,1.0,1.0,1.0,1.0,1.0,1.0,,,,,,
2023-08-25 00:00:00,9,0.001,0.3,0.044,0.003,25.0,20.0,13.0,13.0,61.0,2.0,1.0,1.0,2.0,1.0,1.0,1.0,1.0,,,,,,
2023-08-25 00:00:00,10,0.001,0.4,0.009,0.01,12.0,13.0,9.0,7.0,23.0,1.0,1.0,1.0,1.0,1.0,1.0,1.0,1.0,,,,,,
2023-08-25 00:00:00,11,0.001,0.4,0.046,0.006,15.0,14.0,4.0,5.0,63.0,2.0,1.0,1.0,2.0,1.0,1.0,1.0,1.0,,,,,,
2023-08-25 00:00:00,12,,,,,15.0,16.0,8.0,7.0,,,,,,,1.0,1.0,1.0,,통신장애,통신장애,통신장애,통신장애,
2023-08-25 01:00:00,1,0.001,0.6,0.041,0.006,20.0,18.0,10.0,7.0,59.0,2.0,1.0,1.0,2.0,1.0,1.0,1.0,1.0,,,,,,
2023-08-25 01:00:00,2,0.002,0.4,0.049,0.003,19.0,17.0,7.0,7.0,66.0,2.0,1.0,1.0,2.0,1.0,1.0,1.0,1.0,,,,,,
2023-08-25 01:00:00,3,0.001,0.4,0.034,0.005,22.0,16.0,9.0,6.0,53.0,2.0,1.0,1.0,2.0,1.0,1.0,1.0,1.0,,,,,,
2023-08-25 01:00:00,4,0.002,0.3,0.049,0.002,12.0,14.0,6.0,7.0,66.0,2.0,1.0,1.0,2.0,1.0,1.0,1.0,1.0,,,,,,
2023-08-25 01:00:00,5,0.002,0.3,0.038,0.004,19.0,16.0,12.0,7.0,57.0,2.0,1.0,1.0,2.0,1.0,1.0,1.0,1.0,,,,,,
2023-08-25 01:00:00,6,0.001,0.3,0.041,0.004,18.0,15.0,17.0,,,,1.0,1.0,2.0,1.0,1.0,2.0,1.0,,,,,,
2023-08-25 01:00:00,7,0.002,0.2,0.025,0.004,23.0,18.0,13.0,12.0,42.0,1.0,1.0,1.0,1.0,1.0,1.0,1.0,1.0,,,,,,
2023-08-25 01:00:00,8,0.001,0.3,0.018,0.004,24.0,21.0,4.0,5.0,35.0,1.0,1.0,1.0,1.0,1.0,1.0,1.0,1.0,,,,,,
2023-08-25 01:00:00,9,0.001,0.3,0.044,0.003,23.0,21.0,12.0,12.0,61.0,2.0,1.0,1.0,2.0,1.0,1.0,1.0,1.0,,,,,,
2023-08-25 01:00:00,10,0.001,0.4,0.01,0.01,14.0,13.0,5.0,7.0,23.0,1.0,1.0,1.0,1.0,1.0,1.0,1.0,1.0,,,,,,
2023-08-25 01:00:00,11,0.001,0.4,0.046,0.004,15.0,14.0,6.0,5.0,64.0,2.0,1.0,1.0,2.0,1.0,1.0,1.0,1.0,,,,,,
2023-08-25 01:00:00,12,,,,,3.0,15.0,7.0,7.0,,,,,,,1.0,1.0,1.0,,통신장애,통신장애,통신장애,통신장애,
2023-08-25 02:00:00,1,0.001,0.6,0.044,0.004,24.0,19.0,8.0,7.0,62.0,2.0,1.0,1.0,2.0,1.0,1.0,1.0,1.0,,,,,,
2023-08-25 02:00:00,2,0.002,0.3,0.05,0.003,17.0,17.0,7.0,7.0,67.0,2.0,1.0,1.0,2.0,1.0,1.0,1.0,1.0,,,,,,
2023-08-25 02:00:00,3,0.001,0.4,0.031,0.005,23.0,18.0,7.0,6.0,51.0,2.0,1.0,1.0,2.0,1.0,1.0,1.0,1.0,,,,,,
2023-08-25 02:00:00,4,0.002,0.3,0.049,0.002,13.0,14.0,6.0,7.0,66.0,2.0,1.0,1.0,2.0,1.0,1.0,1.0,1.0,,,,,,
2023-08-25 02:00:00,5,0.002,0.3,0.036,0.004,20.0,18.0,9.0,7.0,55.0,2.0,1.0,1.0,2.0,1.0,1.0,1.0,1.0,,,,,,
2023-08-25 02:00:00,6,0.001,0.3,0.041,0.004,14.0,15.0,12.0,,,,1.0,1.0,2.0,1.0,1.0,1.0,1.0,,,,,,
2023-08-25 02:00:00,7,0.002,0.2,0.026,0.004,22.0,20.0,14.0,12.0,44.0,1.0,1.0,1.0,1.0,1.0,1.0,1.0,1.0,,,,,,
2023-08-25 02:00:00,8,0.001,0.3,0.023,0.005,27.0,22.0,7.0,5.0,38.0,1.0,1.0,1.0,1.0,1.0,1.0,1.0,1.0,,,,,,
2023-08-25 02:00:00,9,0.001,0.3,0.039,0.003,19.0,21.0,11.0,12.0,58.0,2.0,1.0,1.0,2.0,1.0,1.0,1.0,1.0,,,,,,
2023-08-25 02:00:00,10,0.001,0.4,0.008,0.01,10.0,12.0,6.0,6.0,20.0,1.0,1.0,1.0,1.0,1.0,1.0,1.0,1.0,,,,,,
2023-08-25 02:00:00,11,0.001,0.4,0.046,0.005,18.0,15.0,4.0,5.0,63.0,2.0,1.0,1.0,2.0,1.0,1.0,1.0,1.0,,,,,,
2023-08-25 02:00:00,12,,,,,5.0,14.0,6.0,7.0,,,,,,,1.0,1.0,1.0,,통신장애,통신장애,통신장애,통신장애,
2023-08-25 03:00:00,1,0.001,0.6,0.043,0.005,18.0,19.0,10.0,8.0,61.0,2.0,1.0,1.0,2.0,1.0,1.0,1.0,1.0,,,,,,
2023-08-25 03:00:00,2,0.002,0.4,0.05,0.003,21.0,18.0,9.0,7.0,67.0,2.0,1.0,1.0,2.0,1.0,1.0,1.0,1.0,,,,,,
2023-08-25 03:00:00,3,0.0,0.4,0.032,0.005,19.0,18.0,6.0,7.0,52.0,2.0,1.0,1.0,2.0,1.0,1.0,1.0,1.0,,,,,,
2023-08-25 03:00:00,4,0.002,0.3,0.049,0.002,17.0,14.0,8.0,7.0,66.0,2.0,1.0,1.0,2.0,1.0,1.0,1.0,1.0,,,,,,
2023-08-25 03:00:00,5,0.002,0.3,0.039,0.004,21.0,18.0,10.0,8.0,58.0,2.0,1.0,1.0,2.0,1.0,1.0,1.0,1.0,,,,,,
2023-08-25 03:00:00,6,0.001,0.3,0.042,0.003,17.0,15.0,13.0,,,,1.0,1.0,2.0,1.0,1.0,1.0,1.0,,,,,,
2023-08-25 03:00:00,7,0.002,0.2,0.022,0.004,23.0,21.0,15.0,13.0,43.0,1.0,1.0,1.0,1.0,1.0,1.0,1.0,1.0,,,,,,
2023-08-25 03:00:00,8,0.001,0.3,0.04,0.003,22.0,22.0,5.0,5.0,59.0,2.0,1.0,1.0,2.0,1.0,1.0,1.0,1.0,,,,,,
2023-08-25 03:00:00,9,0.001,0.3,0.042,0.003,25.0,21.0,12.0,12.0,60.0,2.0,1.0,1.0,2.0,1.0,1.0,1.0,1.0,,,,,,
2023-08-25 03:00:00,10,0.001,0.3,0.009,0.01,11.0,12.0,6.0,6.0,20.0,1.0,1.0,1.0,1.0,1.0,1.0,1.0,1.0,,,,,,
2023-08-25 03:00:00,11,0.001,0.4,0.046,0.003,18.0,15.0,5.0,5.0,64.0,2.0,1.0,1.0,2.0,1.0,1.0,1.0,1.0,,,,,,
2023-08-25 03:00:00,12,,,,,7.0,14.0,6.0,7.0,,,,,,,1.0,1.0,1.0,,통신장애,통신장애,통신장애,통신장애,
2023-08-25 04:00:00,1,0.001,0.5,0.044,0.004,22.0,19.0,9.0,8.0,62.0,2.0,1.0,1.0,2.0,1.0,1.0,1.0,1.0,,,,,,
2023-08-25 04:00:00,2,0.002,0.3,0.051,0.003,22.0,19.0,12.0,8.0,67.0,2.0,1.0,1.0,2.0,1.0,1.0,1.0,1.0,,,,,,
2023-08-25 04:00:00,3,0.001,0.4,0.029,0.005,22.0,19.0,8.0,7.0,48.0,1.0,1.0,1.0,1.0,1.0,1.0,1.0,1.0,,,,,,
2023-08-25 04:00:00,4,0.002,0.3,0.048,0.002,15.0,14.0,6.0,7.0,65.0,2.0,1.0,1.0,2.0,1.0,1.0,1.0,1.0,,,,,,
2023-08-25 04:00:00,5,0.002,0.3,0.034,0.004,22.0,18.0,9.0,9.0,53.0,2.0,1.0,1.0,2.0,1.0,1.0,1.0,1.0,,,,,,
2023-08-25 04:00:00,6,0.001,0.3,0.044,0.003,18.0,15.0,11.0,,,,1.0,1.0,2.0,1.0,1.0,1.0,1.0,,,,,,
2023-08-25 04:00:00,7,0.002,0.2,0.019,0.004,24.0,21.0,13.0,13.0,43.0,1.0,1.0,1.0,1.0,1.0,1.0,1.0,1.0,,,,,,
2023-08-25 04:00:00,8,0.001,0.3,0.033,0.003,30.0,24.0,8.0,6.0,53.0,2.0,1.0,1.0,2.0,1.0,1.0,1.0,1.0,,,,,,
2023-08-25 04:00:00,9,0.001,0.3,0.041,0.003,23.0,21.0,12.0,12.0,59.0,2.0,1.0,1.0,2.0,1.0,1.0,1.0,1.0,,,,,,
2023-08-25 04:00:00,10,0.001,0.3,0.008,0.01,10.0,12.0,6.0,6.0,20.0,1.0,1.0,1.0,1.0,1.0,1.0,1.0,1.0,,,,,,
2023-08-25 04:00:00,11,0.001,0.4,0.043,0.005,17.0,16.0,8.0,5.0,61.0,2.0,1.0,1.0,2.0,1.0,1.0,1.0,1.0,,,,,,
2023-08-25 04:00:00,12,,,,,8.0,12.0,7.0,7.0,,,,,,,1.0,1.0,1.0,,통신장애,통신장애,통신장애,통신장애,
2023-08-25 05:00:00,1,0.001,0.5,0.043,0.004,17.0,19.0,12.0,9.0,61.0,2.0,1.0,1.0,2.0,1.0,1.0,1.0,1.0,,,,,,
2023-08-25 05:00:00,2,0.002,0.2,0.05,0.003,19.0,19.0,8.0,9.0,66.0,2.0,1.0,1.0,2.0,1.0,1.0,1.0,1.0,,,,,,
2023-08-25 05:00:00,3,0.001,0.4,0.027,0.006,16.0,18.0,11.0,7.0,45.0,1.0,1.0,1.0,1.0,1.0,1.0,1.0,1.0,,,,,,
2023-08-25 05:00:00,4,0.002,0.3,0.043,0.003,20.0,15.0,5.0,7.0,61.0,2.0,1.0,1.0,2.0,1.0,1.0,1.0,1.0,,,,,,
2023-08-25 05:00:00,5,0.002,0.3,0.035,0.004,18.0,19.0,10.0,9.0,54.0,2.0,1.0,1.0,2.0,1.0,1.0,1.0,1.0,,,,,,
2023-08-25 05:00:00,6,0.001,0.3,0.041,0.003,14.0,15.0,,,,,1.0,1.0,2.0,1.0,1.0,,1.0,통신장애,,,,,
2023-08-25 05:00:00,7,0.002,0.2,0.025,0.004,22.0,21.0,14.0,14.0,47.0,1.0,1.0,1.0,1.0,1.0,1.0,1.0,1.0,,,,,,
2023-08-25 05:00:00,8,0.001,0.3,0.026,0.003,26.0,25.0,14.0,7.0,43.0,1.0,1.0,1.0,1.0,1.0,1.0,1.0,1.0,,,,,,
2023-08-25 05:00:00,9,0.001,0.3,0.037,0.003,27.0,23.0,11.0,12.0,56.0,2.0,1.0,1.0,2.0,1.0,1.0,1.0,1.0,,,,,,
2023-08-25 05:00:00,10,0.001,0.3,0.008,0.01,12.0,12.0,5.0,6.0,20.0,1.0,1.0,1.0,1.0,1.0,1.0,1.0,1.0,,,,,,
2023-08-25 05:00:00,11,0.001,0.4,0.046,0.005,19.0,17.0,8.0,6.0,63.0,2.0,1.0,1.0,2.0,1.0,1.0,1.0,1.0,,,,,,
2023-08-25 05:00:00,12,,,,,10.0,11.0,6.0,7.0,,,,,,,1.0,1.0,1.0,,통신장애,통신장애,통신장애,통신장애,
2023-08-25 06:00:00,1,0.001,0.5,0.039,0.007,18.0,19.0,8.0,9.0,57.0,2.0,1.0,1.0,2.0,1.0,1.0,1.0,1.0,,,,,,
2023-08-25 06:00:00,2,0.002,0.2,0.049,0.004,18.0,20.0,7.0,9.0,66.0,2.0,1.0,1.0,2.0,1.0,1.0,1.0,1.0,,,,,,
2023-08-25 06:00:00,3,0.004,0.4,0.032,0.006,19.0,18.0,8.0,8.0,52.0,2.0,1.0,1.0,2.0,1.0,1.0,1.0,1.0,,,,,,
2023-08-25 06:00:00,4,0.002,0.3,0.036,0.006,22.0,17.0,9.0,7.0,55.0,2.0,1.0,1.0,2.0,1.0,1.0,1.0,1.0,,,,,,
2023-08-25 06:00:00,5,0.002,0.2,0.035,0.005,22.0,20.0,11.0,9.0,54.0,2.0,1.0,1.0,2.0,1.0,1.0,1.0,1.0,,,,,,
2023-08-25 06:00:00,6,0.001,0.3,0.039,0.005,11.0,15.0,9.0,11.0,58.0,2.0,1.0,1.0,2.0,1.0,1.0,1.0,1.0,,,,,,
2023-08-25 06:00:00,7,0.002,0.2,0.023,0.005,27.0,22.0,13.0,14.0,47.0,1.0,1.0,1.0,1.0,1.0,1.0,1.0,1.0,,,,,,
2023-08-25 06:00:00,8,0.001,0.3,0.025,0.004,26.0,25.0,9.0,8.0,42.0,1.0,1.0,1.0,1.0,1.0,1.0,1.0,1.0,,,,,,
2023-08-25 06:00:00,9,0.001,0.3,0.034,0.004,25.0,23.0,14.0,12.0,54.0,2.0,1.0,1.0,2.0,1.0,1.0,1.0,1.0,,,,,,
2023-08-25 06:00:00,10,0.001,0.3,0.008,0.011,17.0,13.0,4.0,6.0,22.0,1.0,1.0,1.0,1.0,1.0,1.0,1.0,1.0,,,,,,
2023-08-25 06:00:00,11,0.001,0.4,0.042,0.008,19.0,17.0,8.0,7.0,60.0,2.0,1.0,1.0,2.0,1.0,1.0,1.0,1.0,,,,,,
2023-08-25 06:00:00,12,,,,,8.0,9.0,6.0,7.0,,,,,,,1.0,1.0,1.0,,통신장애,통신장애,통신장애,통신장애,
2023-08-25 07:00:00,1,0.001,0.6,0.036,0.01,20.0,19.0,5.0,8.0,55.0,2.0,1.0,1.0,2.0,1.0,1.0,1.0,1.0,,,,,,
2023-08-25 07:00:00,2,0.001,0.3,0.048,0.005,19.0,20.0,12.0,9.0,65.0,2.0,1.0,1.0,2.0,1.0,1.0,1.0,1.0,,,,,,
2023-08-25 07:00:00,3,0.003,0.4,0.035,0.008,24.0,19.0,7.0,8.0,54.0,2.0,1.0,1.0,2.0,1.0,1.0,1.0,1.0,,,,,,
2023-08-25 07:00:00,4,0.002,0.3,0.034,0.012,20.0,18.0,7.0,7.0,53.0,2.0,1.0,1.0,2.0,1.0,1.0,1.0,1.0,,,,,,
2023-08-25 07:00:00,5,0.002,0.3,0.023,0.019,22.0,20.0,7.0,9.0,39.0,1.0,1.0,1.0,1.0,1.0,1.0,1.0,1.0,,,,,,
2023-08-25 07:00:00,6,0.001,0.3,0.039,0.006,14.0,15.0,14.0,12.0,57.0,2.0,1.0,1.0,2.0,1.0,1.0,1.0,1.0,,,,,,
2023-08-25 07:00:00,7,0.002,0.2,0.027,0.005,20.0,22.0,12.0,13.0,45.0,1.0,1.0,1.0,1.0,1.0,1.0,1.0,1.0,,,,,,
2023-08-25 07:00:00,8,0.001,0.3,0.029,0.004,27.0,26.0,7.0,8.0,49.0,1.0,1.0,1.0,1.0,1.0,1.0,1.0,1.0,,,,,,
2023-08-25 07:00:00,9,0.001,0.3,0.037,0.004,22.0,24.0,11.0,12.0,56.0,2.0,1.0,1.0,2.0,1.0,1.0,1.0,1.0,,,,,,
2023-08-25 07:00:00,10,0.001,0.4,0.011,0.012,17.0,14.0,6.0,6.0,23.0,1.0,1.0,1.0,1.0,1.0,1.0,1.0,1.0,,,,,,
2023-08-25 07:00:00,11,0.001,0.4,0.039,0.011,20.0,18.0,8.0,7.0,58.0,2.0,1.0,1.0,2.0,1.0,1.0,1.0,1.0,,,,,,
2023-08-25 07:00:00,12,,,,,21.0,11.0,12.0,8.0,,,,,,,1.0,1.0,1.0,,통신장애,통신장애,통신장애,통신장애,
2023-08-25 08:00:00,1,0.001,0.6,0.035,0.013,18.0,19.0,10.0,9.0,55.0,2.0,1.0,1.0,2.0,1.0,1.0,1.0,1.0,,,,,,
2023-08-25 08:00:00,2,0.002,0.2,0.044,0.009,22.0,20.0,11.0,9.0,62.0,2.0,1.0,1.0,2.0,1.0,1.0,1.0,1.0,,,,,,
2023-08-25 08:00:00,3,0.002,0.4,0.035,0.01,24.0,20.0,8.0,8.0,54.0,2.0,1.0,1.0,2.0,1.0,1.0,1.0,1.0,,,,,,
2023-08-25 08:00:00,4,0.002,0.3,0.031,0.011,22.0,19.0,8.0,7.0,51.0,2.0,1.0,1.0,2.0,1.0,1.0,1.0,1.0,,,,,,
2023-08-25 08:00:00,5,0.002,0.3,0.024,0.02,27.0,21.0,13.0,10.0,40.0,1.0,1.0,1.0,1.0,1.0,1.0,1.0,1.0,,,,,,
2023-08-25 08:00:00,6,0.001,0.3,0.033,0.011,22.0,16.0,16.0,13.0,53.0,2.0,1.0,1.0,2.0,1.0,1.0,2.0,1.0,,,,,,
2023-08-25 08:00:00,7,0.002,0.2,0.037,0.004,20.0,22.0,15.0,13.0,56.0,2.0,1.0,1.0,2.0,1.0,1.0,1.0,1.0,,,,,,
2023-08-25 08:00:00,8,0.001,0.3,0.029,0.005,26.0,25.0,9.0,9.0,48.0,1.0,1.0,1.0,1.0,1.0,1.0,1.0,1.0,,,,,,
2023-08-25 08:00:00,9,0.001,0.3,0.037,0.005,20.0,23.0,9.0,12.0,56.0,2.0,1.0,1.0,2.0,1.0,1.0,1.0,1.0,,,,,,
2023-08-25 08:00:00,10,0.001,0.4,0.01,0.012,20.0,15.0,9.0,6.0,25.0,1.0,1.0,1.0,1.0,1.0,1.0,1.0,1.0,,,,,,
2023-08-25 08:00:00,11,0.001,0.4,0.035,0.017,22.0,19.0,6.0,7.0,54.0,2.0,1.0,1.0,2.0,1.0,1.0,1.0,1.0,,,,,,
2023-08-25 08:00:00,12,,,,,16.0,11.0,10.0,8.0,,,,,,,1.0,1.0,1.0,,통신장애,통신장애,통신장애,통신장애,
2023-08-25 09:00:00,1,0.001,0.6,0.052,0.01,21.0,20.0,10.0,8.0,68.0,2.0,1.0,1.0,2.0,1.0,1.0,1.0,1.0,,,,,,
2023-08-25 09:00:00,2,0.002,0.2,0.052,0.008,21.0,20.0,13.0,10.0,68.0,2.0,1.0,1.0,2.0,1.0,1.0,1.0,1.0,,,,,,
2023-08-25 09:00:00,3,0.002,0.4,0.048,0.01,18.0,21.0,8.0,8.0,65.0,2.0,1.0,1.0,2.0,1.0,1.0,1.0,1.0,,,,,,
2023-08-25 09:00:00,4,0.002,0.3,0.053,0.006,25.0,20.0,10.0,8.0,69.0,2.0,1.0,1.0,2.0,1.0,1.0,1.0,1.0,,,,,,
2023-08-25 09:00:00,5,0.002,0.3,0.047,0.01,,22.0,12.0,10.0,64.0,2.0,1.0,1.0,2.0,1.0,1.0,1.0,,,,,,,통신장애
2023-08-25 09:00:00,6,0.001,0.4,0.039,0.01,18.0,16.0,12.0,13.0,57.0,2.0,1.0,1.0,2.0,1.0,1.0,1.0,1.0,,,,,,
2023-08-25 09:00:00,7,0.002,0.2,0.048,0.005,25.0,23.0,18.0,14.0,65.0,2.0,1.0,1.0,2.0,1.0,1.0,2.0,1.0,,,,,,
2023-08-25 09:00:00,8,0.001,0.3,0.038,0.008,24.0,25.0,10.0,8.0,57.0,2.0,1.0,1.0,2.0,1.0,1.0,1.0,1.0,,,,,,
2023-08-25 09:00:00,9,0.002,0.3,0.04,0.007,28.0,24.0,22.0,13.0,58.0,2.0,1.0,1.0,2.0,1.0,1.0,2.0,1.0,,,,,,
2023-08-25 09:00:00,10,0.001,0.4,0.006,0.01,24.0,17.0,9.0,7.0,28.0,1.0,1.0,1.0,1.0,1.0,1.0,1.0,1.0,,,,,,
2023-08-25 09:00:00,11,0.001,0.4,0.044,0.014,23.0,20.0,6.0,7.0,61.0,2.0,1.0,1.0,2.0,1.0,1.0,1.0,1.0,,,,,,
2023-08-25 09:00:00,12,,,,,41.0,17.0,10.0,9.0,,,,,,,1.0,1.0,2.0,,통신장애,통신장애,통신장애,통신장애,
2023-08-25 10:00:00,1,0.001,0.6,0.057,0.008,27.0,21.0,10.0,9.0,72.0,2.0,1.0,1.0,2.0,1.0,1.0,1.0,1.0,,,,,,
2023-08-25 10:00:00,2,0.002,0.2,0.057,0.005,30.0,22.0,12.0,11.0,72.0,2.0,1.0,1.0,2.0,1.0,1.0,1.0,1.0,,,,,,
2023-08-25 10:00:00,3,0.002,0.4,0.059,0.004,24.0,22.0,7.0,8.0,74.0,2.0,1.0,1.0,2.0,1.0,1.0,1.0,1.0,,,,,,
2023-08-25 10:00:00,4,0.002,0.3,0.06,0.004,32.0,22.0,10.0,8.0,75.0,2.0,1.0,1.0,2.0,1.0,1.0,1.0,2.0,,,,,,
2023-08-25 10:00:00,5,0.002,0.3,0.054,0.005,25.0,23.0,10.0,10.0,70.0,2.0,1.0,1.0,2.0,1.0,1.0,1.0,1.0,,,,,,
2023-08-25 10:00:00,6,0.001,0.4,0.048,0.005,20.0,18.0,12.0,13.0,65.0,2.0,1.0,1.0,2.0,1.0,1.0,1.0,1.0,,,,,,
2023-08-25 10:00:00,7,0.002,0.2,0.051,0.006,34.0,24.0,18.0,15.0,67.0,2.0,1.0,1.0,2.0,1.0,1.0,2.0,2.0,,,,,,
2023-08-25 10:00:00,8,0.001,0.3,0.048,0.004,22.0,25.0,6.0,8.0,65.0,2.0,1.0,1.0,2.0,1.0,1.0,1.0,1.0,,,,,,
2023-08-25 10:00:00,9,0.002,0.3,0.049,0.008,32.0,25.0,21.0,15.0,66.0,2.0,1.0,1.0,2.0,1.0,1.0,2.0,2.0,,,,,,
2023-08-25 10:00:00,10,0.001,0.4,0.011,0.01,32.0,20.0,8.0,7.0,33.0,1.0,1.0,1.0,1.0,1.0,1.0,1.0,2.0,,,,,,
2023-08-25 10:00:00,11,0.001,0.4,0.05,0.01,27.0,21.0,7.0,7.0,67.0,2.0,1.0,1.0,2.0,1.0,1.0,1.0,1.0,,,,,,
2023-08-25 10:00:00,12,,,,,48.0,24.0,15.0,10.0,,,,,,,1.0,1.0,2.0,,통신장애,통신장애,통신장애,통신장애,
2023-08-25 11:00:00,1,0.001,0.6,0.06,0.006,27.0,22.0,10.0,10.0,75.0,2.0,1.0,1.0,2.0,1.0,1.0,1.0,1.0,,,,,,
2023-08-25 11:00:00,2,0.002,0.2,0.059,0.005,31.0,24.0,11.0,11.0,74.0,2.0,1.0,1.0,2.0,1.0,1.0,1.0,2.0,,,,,,
2023-08-25 11:00:00,3,0.002,0.4,0.062,0.004,25.0,22.0,6.0,7.0,77.0,2.0,1.0,1.0,2.0,1.0,1.0,1.0,1.0,,,,,,
2023-08-25 11:00:00,4,0.002,0.3,0.061,0.003,31.0,24.0,7.0,8.0,76.0,2.0,1.0,1.0,2.0,1.0,1.0,1.0,2.0,,,,,,
2023-08-25 11:00:00,5,0.002,0.3,0.057,0.004,27.0,24.0,10.0,11.0,72.0,2.0,1.0,1.0,2.0,1.0,1.0,1.0,1.0,,,,,,
2023-08-25 11:00:00,6,0.001,0.3,0.053,0.004,17.0,18.0,12.0,13.0,69.0,2.0,1.0,1.0,2.0,1.0,1.0,1.0,1.0,,,,,,
2023-08-25 11:00:00,7,0.002,0.2,0.056,0.004,28.0,26.0,18.0,16.0,72.0,2.0,1.0,1.0,2.0,1.0,1.0,2.0,1.0,,,,,,
2023-08-25 11:00:00,8,0.001,0.3,0.055,0.002,30.0,26.0,7.0,8.0,71.0,2.0,1.0,1.0,2.0,1.0,1.0,1.0,1.0,,,,,,
2023-08-25 11:00:00,9,0.002,0.3,0.057,0.006,25.0,25.0,20.0,16.0,73.0,2.0,1.0,1.0,2.0,1.0,1.0,2.0,1.0,,,,,,
2023-08-25 11:00:00,10,0.002,0.4,0.005,0.01,28.0,22.0,9.0,8.0,37.0,1.0,1.0,1.0,1.0,1.0,1.0,1.0,1.0,,,,,,
2023-08-25 11:00:00,11,0.001,0.4,0.052,0.009,24.0,22.0,8.0,7.0,69.0,2.0,1.0,1.0,2.0,1.0,1.0,1.0,1.0,,,,,,
2023-08-25 11:00:00,12,,,,,53.0,30.0,18.0,11.0,,,,,,,1.0,2.0,2.0,,통신장애,통신장애,통신장애,통신장애,
2023-08-25 12:00:00,1,0.001,0.6,0.063,0.007,29.0,24.0,10.0,10.0,78.0,2.0,1.0,1.0,2.0,1.0,1.0,1.0,1.0,,,,,,
2023-08-25 12:00:00,2,0.002,0.4,0.062,0.005,27.0,25.0,8.0,10.0,76.0,2.0,1.0,1.0,2.0,1.0,1.0,1.0,1.0,,,,,,
2023-08-25 12:00:00,3,0.002,0.4,0.065,0.004,22.0,22.0,6.0,7.0,79.0,2.0,1.0,1.0,2.0,1.0,1.0,1.0,1.0,,,,,,
2023-08-25 12:00:00,4,0.002,0.3,0.066,0.003,33.0,26.0,12.0,9.0,80.0,2.0,1.0,1.0,2.0,1.0,1.0,1.0,2.0,,,,,,
2023-08-25 12:00:00,5,0.002,0.3,0.062,0.004,25.0,24.0,15.0,11.0,76.0,2.0,1.0,1.0,2.0,1.0,1.0,1.0,1.0,,,,,,
2023-08-25 12:00:00,6,0.001,0.3,0.056,0.004,15.0,17.0,11.0,12.0,72.0,2.0,1.0,1.0,2.0,1.0,1.0,1.0,1.0,,,,,,
2023-08-25 12:00:00,7,0.002,0.2,0.06,0.004,27.0,27.0,16.0,16.0,75.0,2.0,1.0,1.0,2.0,1.0,1.0,2.0,1.0,,,,,,
2023-08-25 12:00:00,8,0.001,0.3,0.055,0.003,34.0,27.0,10.0,8.0,71.0,2.0,1.0,1.0,2.0,1.0,1.0,1.0,2.0,,,,,,
2023-08-25 12:00:00,9,0.001,0.3,0.058,0.005,29.0,27.0,14.0,17.0,73.0,2.0,1.0,1.0,2.0,1.0,1.0,1.0,1.0,,,,,,
2023-08-25 12:00:00,10,0.001,0.4,0.011,0.01,29.0,23.0,7.0,7.0,38.0,1.0,1.0,1.0,1.0,1.0,1.0,1.0,1.0,,,,,,
2023-08-25 12:00:00,11,0.001,0.4,0.054,0.011,30.0,24.0,9.0,7.0,70.0,2.0,1.0,1.0,2.0,1.0,1.0,1.0,1.0,,,,,,
2023-08-25 12:00:00,12,,,,,63.0,37.0,16.0,12.0,,,,,,,2.0,2.0,2.0,,통신장애,통신장애,통신장애,통신장애,
2023-08-25 13:00:00,1,0.001,0.5,0.064,0.006,29.0,25.0,7.0,9.0,78.0,2.0,1.0,1.0,2.0,1.0,1.0,1.0,1.0,,,,,,
2023-08-25 13:00:00,2,0.002,0.4,0.061,0.006,29.0,26.0,14.0,11.0,76.0,2.0,1.0,1.0,2.0,1.0,1.0,1.0,1.0,,,,,,
2023-08-25 13:00:00,3,0.002,0.4,0.066,0.004,36.0,25.0,6.0,7.0,80.0,2.0,1.0,1.0,2.0,1.0,1.0,1.0,2.0,,,,,,
2023-08-25 13:00:00,4,0.002,0.3,0.065,0.005,28.0,27.0,11.0,9.0,79.0,2.0,1.0,1.0,2.0,1.0,1.0,1.0,1.0,,,,,,
2023-08-25 13:00:00,5,0.002,0.3,0.065,0.004,27.0,25.0,17.0,12.0,79.0,2.0,1.0,1.0,2.0,1.0,1.0,2.0,1.0,,,,,,
2023-08-25 13:00:00,6,0.001,0.3,0.056,0.003,16.0,17.0,12.0,12.0,72.0,2.0,1.0,1.0,2.0,1.0,1.0,1.0,1.0,,,,,,
2023-08-25 13:00:00,7,0.002,0.2,0.06,0.004,25.0,27.0,16.0,16.0,75.0,2.0,1.0,1.0,2.0,1.0,1.0,2.0,1.0,,,,,,
2023-08-25 13:00:00,8,0.001,0.3,0.063,0.003,33.0,29.0,8.0,8.0,78.0,2.0,1.0,1.0,2.0,1.0,1.0,1.0,2.0,,,,,,
2023-08-25 13:00:00,9,0.001,0.3,0.061,0.004,27.0,27.0,16.0,16.0,76.0,2.0,1.0,1.0,2.0,1.0,1.0,2.0,1.0,,,,,,
2023-08-25 13:00:00,10,0.001,0.4,0.011,0.01,25.0,24.0,5.0,7.0,40.0,1.0,1.0,1.0,1.0,1.0,1.0,1.0,1.0,,,,,,
2023-08-25 13:00:00,11,0.002,0.4,0.054,0.01,30.0,25.0,9.0,8.0,70.0,2.0,1.0,1.0,2.0,1.0,1.0,1.0,1.0,,,,,,
2023-08-25 13:00:00,12,,,,,63.0,43.0,16.0,13.0,,,,,,,2.0,2.0,2.0,,통신장애,통신장애,통신장애,통신장애,
2023-08-25 15:00:00,1,0.001,0.6,0.062,0.005,29.0,27.0,8.0,9.0,77.0,2.0,1.0,1.0,2.0,1.0,1.0,1.0,1.0,,,,,,
2023-08-25 15:00:00,2,0.001,0.4,0.059,0.006,31.0,28.0,10.0,11.0,74.0,2.0,1.0,1.0,2.0,1.0,1.0,1.0,2.0,,,,,,
2023-08-25 15:00:00,3,0.002,0.4,0.063,0.003,27.0,27.0,13.0,8.0,77.0,2.0,1.0,1.0,2.0,1.0,1.0,1.0,1.0,,,,,,
2023-08-25 15:00:00,4,0.002,0.3,0.063,0.003,29.0,28.0,11.0,10.0,78.0,2.0,1.0,1.0,2.0,1.0,1.0,1.0,1.0,,,,,,
2023-08-25 15:00:00,5,0.002,0.3,0.06,0.004,22.0,24.0,10.0,12.0,75.0,2.0,1.0,1.0,2.0,1.0,1.0,1.0,1.0,,,,,,
2023-08-25 15:00:00,6,0.001,0.3,0.054,0.004,16.0,17.0,13.0,12.0,70.0,2.0,1.0,1.0,2.0,1.0,1.0,1.0,1.0,,,,,,
2023-08-25 15:00:00,7,0.002,0.2,0.059,0.004,33.0,27.0,16.0,16.0,74.0,2.0,1.0,1.0,2.0,1.0,1.0,2.0,2.0,,,,,,
2023-08-25 15:00:00,8,0.001,0.3,0.063,0.002,26.0,29.0,9.0,9.0,78.0,2.0,1.0,1.0,2.0,1.0,1.0,1.0,1.0,,,,,,
2023-08-25 15:00:00,9,0.001,0.3,0.06,0.004,29.0,27.0,15.0,15.0,75.0,2.0,1.0,1.0,2.0,1.0,1.0,1.0,1.0,,,,,,
2023-08-25 15:00:00,10,0.001,0.4,0.008,0.01,27.0,24.0,9.0,7.0,40.0,1.0,1.0,1.0,1.0,1.0,1.0,1.0,1.0,,,,,,
2023-08-25 15:00:00,11,0.002,0.4,0.051,0.012,28.0,27.0,8.0,8.0,68.0,2.0,1.0,1.0,2.0,1.0,1.0,1.0,1.0,,,,,,
2023-08-25 15:00:00,12,,,,,73.0,52.0,19.0,15.0,,,,,,,2.0,2.0,2.0,,통신장애,통신장애,통신장애,통신장애,
2023-08-25 16:00:00,1,0.001,0.6,0.064,0.005,32.0,28.0,8.0,9.0,78.0,2.0,1.0,1.0,2.0,1.0,1.0,1.0,2.0,,,,,,
2023-08-25 16:00:00,2,0.002,0.4,0.058,0.006,29.0,28.0,8.0,11.0,73.0,2.0,1.0,1.0,2.0,1.0,1.0,1.0,1.0,,,,,,
2023-08-25 16:00:00,3,0.001,0.4,0.062,0.004,32.0,28.0,12.0,9.0,77.0,2.0,1.0,1.0,2.0,1.0,1.0,1.0,2.0,,,,,,
2023-08-25 16:00:00,4,0.002,0.3,0.063,0.003,28.0,28.0,11.0,10.0,78.0,2.0,1.0,1.0,2.0,1.0,1.0,1.0,1.0,,,,,,
2023-08-25 16:00:00,5,0.002,0.3,0.061,0.004,23.0,24.0,10.0,12.0,76.0,2.0,1.0,1.0,2.0,1.0,1.0,1.0,1.0,,,,,,
2023-08-25 16:00:00,6,0.001,0.3,0.054,0.004,10.0,16.0,,12.0,70.0,2.0,1.0,1.0,2.0,1.0,1.0,,1.0,통신장애,,,,,
2023-08-25 16:00:00,7,0.002,0.2,0.056,0.006,34.0,28.0,18.0,17.0,72.0,2.0,1.0,1.0,2.0,1.0,1.0,2.0,2.0,,,,,,
2023-08-25 16:00:00,8,0.001,0.3,0.061,0.002,25.0,27.0,7.0,8.0,76.0,2.0,1.0,1.0,2.0,1.0,1.0,1.0,1.0,,,,,,
2023-08-25 16:00:00,9,0.001,0.3,0.058,0.004,28.0,28.0,13.0,15.0,73.0,2.0,1.0,1.0,2.0,1.0,1.0,1.0,1.0,,,,,,
2023-08-25 16:00:00,10,0.001,0.4,0.014,0.01,25.0,24.0,8.0,7.0,40.0,1.0,1.0,1.0,1.0,1.0,1.0,1.0,1.0,,,,,,
2023-08-25 16:00:00,11,0.002,0.4,0.051,0.011,30.0,27.0,12.0,9.0,67.0,2.0,1.0,1.0,2.0,1.0,1.0,1.0,1.0,,,,,,
2023-08-25 16:00:00,12,,,,,58.0,53.0,15.0,15.0,,,,,,,2.0,1.0,2.0,,통신장애,통신장애,통신장애,통신장애,
2023-08-25 17:00:00,1,0.001,0.6,0.063,0.007,33.0,29.0,10.0,9.0,78.0,2.0,1.0,1.0,2.0,1.0,1.0,1.0,2.0,,,,,,
2023-08-25 17:00:00,2,0.002,0.4,0.061,0.006,32.0,29.0,16.0,12.0,76.0,2.0,1.0,1.0,2.0,1.0,1.0,2.0,2.0,,,,,,
2023-08-25 17:00:00,3,0.002,0.4,0.062,0.004,30.0,28.0,10.0,10.0,76.0,2.0,1.0,1.0,2.0,1.0,1.0,1.0,1.0,,,,,,
2023-08-25 17:00:00,4,0.002,0.3,0.068,0.004,27.0,28.0,9.0,10.0,82.0,2.0,1.0,1.0,2.0,1.0,1.0,1.0,1.0,,,,,,
2023-08-25 17:00:00,5,0.002,0.3,0.058,0.005,28.0,25.0,9.0,10.0,74.0,2.0,1.0,1.0,2.0,1.0,1.0,1.0,1.0,,,,,,
2023-08-25 17:00:00,6,0.001,0.3,0.055,0.004,16.0,16.0,13.0,13.0,71.0,2.0,1.0,1.0,2.0,1.0,1.0,1.0,1.0,,,,,,
2023-08-25 17:00:00,7,0.002,0.2,0.055,0.004,35.0,30.0,17.0,17.0,71.0,2.0,1.0,1.0,2.0,1.0,1.0,2.0,2.0,,,,,,
2023-08-25 17:00:00,8,0.001,0.3,0.06,0.002,24.0,26.0,6.0,8.0,75.0,2.0,1.0,1.0,2.0,1.0,1.0,1.0,1.0,,,,,,
2023-08-25 17:00:00,9,0.001,0.3,0.057,0.005,25.0,27.0,17.0,16.0,73.0,2.0,1.0,1.0,2.0,1.0,1.0,2.0,1.0,,,,,,
2023-08-25 17:00:00,10,0.001,0.4,0.015,0.01,27.0,25.0,8.0,8.0,42.0,1.0,1.0,1.0,1.0,1.0,1.0,1.0,1.0,,,,,,
2023-08-25 17:00:00,11,0.002,0.4,0.053,0.013,30.0,28.0,10.0,9.0,69.0,2.0,1.0,1.0,2.0,1.0,1.0,1.0,1.0,,,,,,
2023-08-25 17:00:00,12,,,,,46.0,50.0,17.0,16.0,,,,,,,2.0,2.0,2.0,,통신장애,통신장애,통신장애,통신장애,
2023-08-25 22:00:00,1,0.001,0.6,0.037,0.01,29.0,30.0,7.0,12.0,56.0,2.0,1.0,1.0,2.0,1.0,1.0,1.0,1.0,,,,,,
2023-08-25 22:00:00,2,0.002,0.5,0.042,0.008,24.0,30.0,14.0,14.0,60.0,2.0,1.0,1.0,2.0,1.0,1.0,1.0,1.0,,,,,,
2023-08-25 22:00:00,3,0.002,0.4,0.034,0.008,30.0,28.0,11.0,11.0,53.0,2.0,1.0,1.0,2.0,1.0,1.0,1.0,1.0,,,,,,
2023-08-25 22:00:00,4,0.002,0.3,0.047,0.005,34.0,30.0,21.0,13.0,64.0,2.0,1.0,1.0,2.0,1.0,1.0,2.0,2.0,,,,,,
2023-08-25 22:00:00,5,0.002,0.3,0.036,0.007,22.0,24.0,17.0,12.0,55.0,2.0,1.0,1.0,2.0,1.0,1.0,2.0,1.0,,,,,,
2023-08-25 22:00:00,6,0.001,0.4,0.043,0.007,23.0,20.0,17.0,15.0,61.0,2.0,1.0,1.0,2.0,1.0,1.0,2.0,1.0,,,,,,
2023-08-25 22:00:00,7,0.002,0.2,0.028,0.006,28.0,29.0,20.0,17.0,54.0,2.0,1.0,1.0,1.0,1.0,1.0,2.0,1.0,,,,,,
2023-08-25 22:00:00,8,0.001,0.3,0.022,0.004,27.0,27.0,13.0,10.0,45.0,1.0,1.0,1.0,1.0,1.0,1.0,1.0,1.0,,,,,,
2023-08-25 22:00:00,9,0.001,0.3,0.039,0.005,24.0,28.0,17.0,15.0,57.0,2.0,1.0,1.0,2.0,1.0,1.0,2.0,1.0,,,,,,
2023-08-25 22:00:00,10,0.001,0.4,0.006,0.01,21.0,26.0,14.0,11.0,43.0,1.0,1.0,1.0,1.0,1.0,1.0,1.0,1.0,,,,,,
2023-08-25 22:00:00,11,0.001,0.5,0.032,0.017,23.0,29.0,10.0,10.0,52.0,2.0,1.0,1.0,2.0,1.0,1.0,1.0,1.0,,,,,,
2023-08-25 22:00:00,12,,,,,2.0,32.0,17.0,15.0,,,,,,,2.0,2.0,1.0,,통신장애,통신장애,통신장애,통신장애,
2023-08-25 23:00:00,1,0.001,0.6,0.037,0.01,21.0,28.0,15.0,12.0,56.0,2.0,1.0,1.0,2.0,1.0,1.0,1.0,1.0,,,,,,
2023-08-25 23:00:00,2,0.002,0.4,0.043,0.006,22.0,28.0,13.0,14.0,61.0,2.0,1.0,1.0,2.0,1.0,1.0,1.0,1.0,,,,,,
2023-08-25 23:00:00,3,0.002,0.5,0.033,0.007,27.0,28.0,12.0,11.0,53.0,2.0,1.0,1.0,2.0,1.0,1.0,1.0,1.0,,,,,,
2023-08-25 23:00:00,4,0.002,0.3,0.041,0.006,29.0,30.0,12.0,13.0,59.0,2.0,1.0,1.0,2.0,1.0,1.0,1.0,1.0,,,,,,
2023-08-25 23:00:00,5,0.002,0.3,0.033,0.006,22.0,23.0,10.0,12.0,53.0,2.0,1.0,1.0,2.0,1.0,1.0,1.0,1.0,,,,,,
2023-08-25 23:00:00,6,0.001,0.3,0.042,0.006,23.0,21.0,13.0,14.0,60.0,2.0,1.0,1.0,2.0,1.0,1.0,1.0,1.0,,,,,,
2023-08-25 23:00:00,7,0.002,0.2,0.031,0.006,31.0,30.0,16.0,17.0,54.0,2.0,1.0,1.0,2.0,1.0,1.0,2.0,2.0,,,,,,
2023-08-25 23:00:00,8,0.001,0.3,0.022,0.005,25.0,26.0,11.0,10.0,43.0,1.0,1.0,1.0,1.0,1.0,1.0,1.0,1.0,,,,,,
2023-08-25 23:00:00,9,0.001,0.3,0.035,0.004,27.0,27.0,14.0,15.0,54.0,2.0,1.0,1.0,2.0,1.0,1.0,1.0,1.0,,,,,,
2023-08-25 23:00:00,10,0.001,0.4,0.005,0.01,22.0,25.0,11.0,11.0,42.0,1.0,1.0,1.0,1.0,1.0,1.0,1.0,1.0,,,,,,
2023-08-25 23:00:00,11,0.001,0.5,0.034,0.014,23.0,29.0,12.0,11.0,54.0,2.0,1.0,1.0,2.0,1.0,1.0,1.0,1.0,,,,,,
2023-08-25 23:00:00,12,,,,,,29.0,16.0,15.0,,,,,,,1.0,2.0,,,통신장애,통신장애,통신장애,통신장애,통신장애
2023-08-26 00:00:00,1,0.001,0.6,0.041,0.007,24.0,28.0,8.0,12.0,60.0,2.0,1.0,1.0,2.0,1.0,1.0,1.0,1.0,,,,,,
2023-08-26 00:00:00,2,0.002,0.4,0.042,0.005,22.0,28.0,11.0,14.0,60.0,2.0,1.0,1.0,2.0,1.0,1.0,1.0,1.0,,,,,,
2023-08-26 00:00:00,3,0.002,0.4,0.034,0.007,29.0,29.0,12.0,12.0,54.0,2.0,1.0,1.0,2.0,1.0,1.0,1.0,1.0,,,,,,
2023-08-26 00:00:00,4,0.002,0.3,0.039,0.006,27.0,29.0,16.0,14.0,57.0,2.0,1.0,1.0,2.0,1.0,1.0,2.0,1.0,,,,,,
2023-08-26 00:00:00,5,0.002,0.3,0.037,0.005,19.0,23.0,10.0,12.0,56.0,2.0,1.0,1.0,2.0,1.0,1.0,1.0,1.0,,,,,,
2023-08-26 00:00:00,6,0.001,0.3,0.04,0.006,20.0,21.0,19.0,15.0,58.0,2.0,1.0,1.0,2.0,1.0,1.0,2.0,1.0,,,,,,
2023-08-26 00:00:00,7,0.002,0.2,0.038,0.005,26.0,30.0,16.0,17.0,57.0,2.0,1.0,1.0,2.0,1.0,1.0,2.0,1.0,,,,,,
2023-08-26 00:00:00,8,0.001,0.3,0.027,0.004,22.0,26.0,8.0,10.0,44.0,1.0,1.0,1.0,1.0,1.0,1.0,1.0,1.0,,,,,,
2023-08-26 00:00:00,9,0.001,0.3,0.037,0.004,28.0,27.0,14.0,15.0,56.0,2.0,1.0,1.0,2.0,1.0,1.0,1.0,1.0,,,,,,
2023-08-26 00:00:00,10,0.001,0.4,0.004,0.009,14.0,23.0,11.0,11.0,38.0,1.0,1.0,1.0,1.0,1.0,1.0,1.0,1.0,,,,,,
2023-08-26 00:00:00,11,0.001,0.4,0.038,0.012,23.0,28.0,11.0,11.0,56.0,2.0,1.0,1.0,2.0,1.0,1.0,1.0,1.0,,,,,,
2023-08-26 00:00:00,12,,,,,22.0,25.0,12.0,15.0,,,,,,,1.0,1.0,1.0,,통신장애,통신장애,통신장애,통신장애,
2023-08-26 01:00:00,1,0.001,0.5,0.043,0.006,20.0,26.0,10.0,11.0,61.0,2.0,1.0,1.0,2.0,1.0,1.0,1.0,1.0,,,,,,
2023-08-26 01:00:00,2,0.002,0.4,0.041,0.005,22.0,25.0,9.0,12.0,59.0,2.0,1.0,1.0,2.0,1.0,1.0,1.0,1.0,,,,,,
2023-08-26 01:00:00,3,0.002,0.4,0.035,0.006,22.0,28.0,10.0,11.0,54.0,2.0,1.0,1.0,2.0,1.0,1.0,1.0,1.0,,,,,,
2023-08-26 01:00:00,4,0.002,0.3,0.032,0.009,20.0,28.0,12.0,14.0,52.0,2.0,1.0,1.0,2.0,1.0,1.0,1.0,1.0,,,,,,
2023-08-26 01:00:00,5,0.002,0.3,0.039,0.004,21.0,22.0,12.0,12.0,58.0,2.0,1.0,1.0,2.0,1.0,1.0,1.0,1.0,,,,,,
2023-08-26 01:00:00,6,0.001,0.4,0.038,0.005,20.0,21.0,18.0,16.0,57.0,2.0,1.0,1.0,2.0,1.0,1.0,2.0,1.0,,,,,,
2023-08-26 01:00:00,7,0.002,0.2,0.037,0.005,21.0,28.0,15.0,17.0,56.0,2.0,1.0,1.0,2.0,1.0,1.0,1.0,1.0,,,,,,
2023-08-26 01:00:00,8,0.001,0.3,0.027,0.003,26.0,25.0,10.0,10.0,45.0,1.0,1.0,1.0,1.0,1.0,1.0,1.0,1.0,,,,,,
2023-08-26 01:00:00,9,0.001,0.3,0.037,0.003,24.0,27.0,15.0,15.0,56.0,2.0,1.0,1.0,2.0,1.0,1.0,1.0,1.0,,,,,,
2023-08-26 01:00:00,10,0.001,0.4,0.004,0.009,16.0,21.0,10.0,11.0,37.0,1.0,1.0,1.0,1.0,1.0,1.0,1.0,1.0,,,,,,
2023-08-26 01:00:00,11,0.001,0.4,0.043,0.007,23.0,26.0,6.0,10.0,61.0,2.0,1.0,1.0,2.0,1.0,1.0,1.0,1.0,,,,,,
2023-08-26 01:00:00,12,,,,,,,13.0,15.0,,,,,,,,1.0,,,통신장애,통신장애,통신장애,통신장애,통신장애
2023-08-26 02:00:00,1,0.001,0.5,0.044,0.005,16.0,24.0,9.0,11.0,62.0,2.0,1.0,1.0,2.0,1.0,1.0,1.0,1.0,,,,,,
2023-08-26 02:00:00,2,0.002,0.4,0.042,0.004,20.0,24.0,7.0,11.0,60.0,2.0,1.0,1.0,2.0,1.0,1.0,1.0,1.0,,,,,,
2023-08-26 02:00:00,3,0.002,0.4,0.036,0.006,22.0,26.0,10.0,11.0,55.0,2.0,1.0,1.0,2.0,1.0,1.0,1.0,1.0,,,,,,
2023-08-26 02:00:00,4,0.002,0.3,0.032,0.007,24.0,26.0,14.0,13.0,52.0,2.0,1.0,1.0,2.0,1.0,1.0,1.0,1.0,,,,,,
2023-08-26 02:00:00,5,0.003,0.3,0.039,0.004,18.0,21.0,9.0,11.0,58.0,2.0,1.0,1.0,2.0,1.0,1.0,1.0,1.0,,,,,,
2023-08-26 02:00:00,6,0.001,0.3,0.037,0.005,20.0,20.0,14.0,16.0,56.0,2.0,1.0,1.0,2.0,1.0,1.0,1.0,1.0,,,,,,
2023-08-26 02:00:00,7,0.002,0.2,0.04,0.005,25.0,28.0,17.0,16.0,58.0,2.0,1.0,1.0,2.0,1.0,1.0,2.0,1.0,,,,,,
2023-08-26 02:00:00,8,0.001,0.3,0.029,0.002,21.0,24.0,8.0,9.0,48.0,1.0,1.0,1.0,1.0,1.0,1.0,1.0,1.0,,,,,,
2023-08-26 02:00:00,9,0.001,0.3,0.039,0.003,28.0,27.0,14.0,15.0,57.0,2.0,1.0,1.0,2.0,1.0,1.0,1.0,1.0,,,,,,
2023-08-26 02:00:00,10,0.001,0.4,0.004,0.009,16.0,20.0,9.0,10.0,33.0,1.0,1.0,1.0,1.0,1.0,1.0,1.0,1.0,,,,,,
2023-08-26 02:00:00,11,0.001,0.4,0.045,0.005,19.0,25.0,9.0,10.0,62.0,2.0,1.0,1.0,2.0,1.0,1.0,1.0,1.0,,,,,,
2023-08-26 02:00:00,12,,,,,,,11.0,14.0,,,,,,,,1.0,,,통신장애,통신장애,통신장애,통신장애,통신장애
2023-08-26 03:00:00,1,0.001,0.5,0.044,0.005,15.0,22.0,7.0,10.0,62.0,2.0,1.0,1.0,2.0,1.0,1.0,1.0,1.0,,,,,,
2023-08-26 03:00:00,2,0.002,0.3,0.039,0.004,21.0,24.0,7.0,10.0,58.0,2.0,1.0,1.0,2.0,1.0,1.0,1.0,1.0,,,,,,
2023-08-26 03:00:00,3,0.002,0.4,0.032,0.006,24.0,26.0,12.0,11.0,52.0,2.0,1.0,1.0,2.0,1.0,1.0,1.0,1.0,,,,,,
2023-08-26 03:00:00,4,0.002,0.3,0.032,0.007,24.0,26.0,10.0,13.0,52.0,2.0,1.0,1.0,2.0,1.0,1.0,1.0,1.0,,,,,,
2023-08-26 03:00:00,5,0.003,0.3,0.038,0.004,20.0,21.0,9.0,10.0,56.0,2.0,1.0,1.0,2.0,1.0,1.0,1.0,1.0,,,,,,
2023-08-26 03:00:00,6,0.001,0.3,0.037,0.004,22.0,20.0,14.0,16.0,56.0,2.0,1.0,1.0,2.0,1.0,1.0,1.0,1.0,,,,,,
2023-08-26 03:00:00,7,0.002,0.2,0.041,0.004,23.0,26.0,14.0,16.0,59.0,2.0,1.0,1.0,2.0,1.0,1.0,1.0,1.0,,,,,,
2023-08-26 03:00:00,8,0.001,0.3,0.03,0.002,27.0,24.0,9.0,9.0,50.0,1.0,1.0,1.0,1.0,1.0,1.0,1.0,1.0,,,,,,
2023-08-26 03:00:00,9,0.001,0.3,0.04,0.003,20.0,26.0,13.0,14.0,59.0,2.0,1.0,1.0,2.0,1.0,1.0,1.0,1.0,,,,,,
2023-08-26 03:00:00,10,0.001,0.4,0.004,0.009,17.0,19.0,8.0,10.0,33.0,1.0,1.0,1.0,1.0,1.0,1.0,1.0,1.0,,,,,,
2023-08-26 03:00:00,11,0.001,0.4,0.043,0.004,20.0,24.0,9.0,9.0,61.0,2.0,1.0,1.0,2.0,1.0,1.0,1.0,1.0,,,,,,
2023-08-26 03:00:00,12,,,,,16.0,,11.0,13.0,,,,,,,,1.0,1.0,,통신장애,통신장애,통신장애,통신장애,
2023-08-26 04:00:00,1,0.001,0.5,0.044,0.004,18.0,21.0,6.0,9.0,62.0,2.0,1.0,1.0,2.0,1.0,1.0,1.0,1.0,,,,,,
2023-08-26 04:00:00,2,0.002,0.2,0.037,0.004,18.0,23.0,11.0,10.0,56.0,2.0,1.0,1.0,2.0,1.0,1.0,1.0,1.0,,,,,,
2023-08-26 04:00:00,3,0.002,0.4,0.028,0.006,17.0,24.0,10.0,11.0,46.0,1.0,1.0,1.0,1.0,1.0,1.0,1.0,1.0,,,,,,
2023-08-26 04:00:00,4,0.002,0.3,0.034,0.005,17.0,24.0,7.0,11.0,54.0,2.0,1.0,1.0,2.0,1.0,1.0,1.0,1.0,,,,,,
2023-08-26 04:00:00,5,0.003,0.2,0.034,0.004,20.0,21.0,9.0,10.0,53.0,2.0,1.0,1.0,2.0,1.0,1.0,1.0,1.0,,,,,,
2023-08-26 04:00:00,6,0.001,0.3,0.04,0.004,15.0,20.0,,15.0,59.0,2.0,1.0,1.0,2.0,1.0,1.0,,1.0,통신장애,,,,,
2023-08-26 04:00:00,7,0.002,0.2,0.042,0.005,23.0,25.0,21.0,17.0,60.0,2.0,1.0,1.0,2.0,1.0,1.0,2.0,1.0,,,,,,
2023-08-26 04:00:00,8,0.001,0.3,0.03,0.002,27.0,25.0,7.0,9.0,49.0,1.0,1.0,1.0,1.0,1.0,1.0,1.0,1.0,,,,,,
2023-08-26 04:00:00,9,0.001,0.3,0.043,0.003,26.0,26.0,17.0,15.0,61.0,2.0,1.0,1.0,2.0,1.0,1.0,2.0,1.0,,,,,,
2023-08-26 04:00:00,10,0.001,0.4,0.004,0.009,18.0,19.0,10.0,10.0,33.0,1.0,1.0,1.0,1.0,1.0,1.0,1.0,1.0,,,,,,
2023-08-26 04:00:00,11,0.001,0.4,0.041,0.004,20.0,23.0,5.0,8.0,59.0,2.0,1.0,1.0,2.0,1.0,1.0,1.0,1.0,,,,,,
2023-08-26 04:00:00,12,,,,,9.0,,15.0,13.0,,,,,,,,1.0,1.0,,통신장애,통신장애,통신장애,통신장애,
2023-08-26 05:00:00,1,0.001,0.5,0.044,0.005,16.0,20.0,9.0,9.0,61.0,2.0,1.0,1.0,2.0,1.0,1.0,1.0,1.0,,,,,,
2023-08-26 05:00:00,2,0.002,0.2,0.035,0.004,21.0,22.0,11.0,10.0,54.0,2.0,1.0,1.0,2.0,1.0,1.0,1.0,1.0,,,,,,
2023-08-26 05:00:00,3,0.003,0.4,0.025,0.007,16.0,22.0,10.0,11.0,41.0,1.0,1.0,1.0,1.0,1.0,1.0,1.0,1.0,,,,,,
2023-08-26 05:00:00,4,0.002,0.3,0.035,0.005,18.0,23.0,8.0,11.0,55.0,2.0,1.0,1.0,2.0,1.0,1.0,1.0,1.0,,,,,,
2023-08-26 05:00:00,5,0.003,0.2,0.031,0.004,20.0,21.0,12.0,10.0,51.0,2.0,1.0,1.0,2.0,1.0,1.0,1.0,1.0,,,,,,
2023-08-26 05:00:00,6,0.001,0.3,0.041,0.004,23.0,20.0,16.0,15.0,59.0,2.0,1.0,1.0,2.0,1.0,1.0,2.0,1.0,,,,,,
2023-08-26 05:00:00,7,0.002,0.2,0.044,0.004,22.0,25.0,16.0,17.0,61.0,2.0,1.0,1.0,2.0,1.0,1.0,2.0,1.0,,,,,,
2023-08-26 05:00:00,8,0.001,0.3,0.031,0.002,24.0,25.0,9.0,9.0,51.0,2.0,1.0,1.0,2.0,1.0,1.0,1.0,1.0,,,,,,
2023-08-26 05:00:00,9,0.001,0.3,0.044,0.003,22.0,25.0,15.0,15.0,62.0,2.0,1.0,1.0,2.0,1.0,1.0,1.0,1.0,,,,,,
2023-08-26 05:00:00,10,0.001,0.4,0.005,0.009,19.0,19.0,11.0,10.0,33.0,1.0,1.0,1.0,1.0,1.0,1.0,1.0,1.0,,,,,,
2023-08-26 05:00:00,11,0.001,0.4,0.038,0.005,17.0,22.0,8.0,9.0,57.0,2.0,1.0,1.0,2.0,1.0,1.0,1.0,1.0,,,,,,
2023-08-26 05:00:00,12,,,,,15.0,16.0,16.0,14.0,,,,,,,1.0,2.0,1.0,,통신장애,통신장애,통신장애,통신장애,
2023-08-26 06:00:00,1,0.001,0.5,0.04,0.006,20.0,20.0,12.0,10.0,58.0,2.0,1.0,1.0,2.0,1.0,1.0,1.0,1.0,,,,,,
2023-08-26 06:00:00,2,0.002,0.3,0.039,0.006,22.0,22.0,11.0,11.0,57.0,2.0,1.0,1.0,2.0,1.0,1.0,1.0,1.0,,,,,,
2023-08-26 06:00:00,3,0.002,0.4,0.025,0.007,20.0,22.0,8.0,10.0,41.0,1.0,1.0,1.0,1.0,1.0,1.0,1.0,1.0,,,,,,
2023-08-26 06:00:00,4,0.002,0.3,0.034,0.007,23.0,23.0,10.0,10.0,53.0,2.0,1.0,1.0,2.0,1.0,1.0,1.0,1.0,,,,,,
2023-08-26 06:00:00,5,0.002,0.3,0.027,0.005,17.0,20.0,10.0,10.0,45.0,1.0,1.0,1.0,1.0,1.0,1.0,1.0,1.0,,,,,,
2023-08-26 06:00:00,6,0.001,0.3,0.04,0.006,16.0,20.0,15.0,15.0,58.0,2.0,1.0,1.0,2.0,1.0,1.0,1.0,1.0,,,,,,
2023-08-26 06:00:00,7,0.002,0.2,0.041,0.004,22.0,24.0,16.0,17.0,59.0,2.0,1.0,1.0,2.0,1.0,1.0,2.0,1.0,,,,,,
2023-08-26 06:00:00,8,0.001,0.3,0.038,0.003,23.0,25.0,8.0,9.0,57.0,2.0,1.0,1.0,2.0,1.0,1.0,1.0,1.0,,,,,,
2023-08-26 06:00:00,9,0.001,0.3,0.045,0.003,27.0,25.0,20.0,16.0,62.0,2.0,1.0,1.0,2.0,1.0,1.0,2.0,1.0,,,,,,
2023-08-26 06:00:00,10,0.001,0.4,0.004,0.009,20.0,19.0,8.0,10.0,33.0,1.0,1.0,1.0,1.0,1.0,1.0,1.0,1.0,,,,,,
2023-08-26 06:00:00,11,0.001,0.4,0.024,0.012,17.0,21.0,11.0,9.0,40.0,1.0,1.0,1.0,1.0,1.0,1.0,1.0,1.0,,,,,,
2023-08-26 06:00:00,12,,,,,19.0,15.0,14.0,14.0,,,,,,,1.0,1.0,1.0,,통신장애,통신장애,통신장애,통신장애,
2023-08-26 07:00:00,1,0.001,0.6,0.032,0.012,21.0,20.0,16.0,11.0,52.0,2.0,1.0,1.0,2.0,1.0,1.0,2.0,1.0,,,,,,
2023-08-26 07:00:00,2,0.002,0.2,0.04,0.006,20.0,22.0,8.0,11.0,59.0,2.0,1.0,1.0,2.0,1.0,1.0,1.0,1.0,,,,,,
2023-08-26 07:00:00,3,0.002,0.4,0.022,0.009,31.0,23.0,17.0,11.0,38.0,1.0,1.0,1.0,1.0,1.0,1.0,2.0,2.0,,,,,,
2023-08-26 07:00:00,4,0.002,0.3,0.035,0.007,24.0,23.0,12.0,11.0,55.0,2.0,1.0,1.0,2.0,1.0,1.0,1.0,1.0,,,,,,
2023-08-26 07:00:00,5,0.003,0.3,0.019,0.013,17.0,19.0,8.0,10.0,33.0,1.0,1.0,1.0,1.0,1.0,1.0,1.0,1.0,,,,,,
2023-08-26 07:00:00,6,0.001,0.3,0.035,0.011,20.0,20.0,14.0,15.0,54.0,2.0,1.0,1.0,2.0,1.0,1.0,1.0,1.0,,,,,,
2023-08-26 07:00:00,7,0.002,0.2,0.035,0.005,21.0,24.0,17.0,17.0,54.0,2.0,1.0,1.0,2.0,1.0,1.0,2.0,1.0,,,,,,
2023-08-26 07:00:00,8,0.001,0.3,0.04,0.003,23.0,25.0,8.0,9.0,59.0,2.0,1.0,1.0,2.0,1.0,1.0,1.0,1.0,,,,,,
2023-08-26 07:00:00,9,0.001,0.3,0.044,0.004,21.0,25.0,9.0,15.0,61.0,2.0,1.0,1.0,2.0,1.0,1.0,1.0,1.0,,,,,,
2023-08-26 07:00:00,10,0.001,0.4,0.004,0.009,21.0,20.0,11.0,10.0,33.0,1.0,1.0,1.0,1.0,1.0,1.0,1.0,1.0,,,,,,
2023-08-26 07:00:00,11,0.001,0.5,0.018,0.022,28.0,22.0,12.0,9.0,37.0,1.0,1.0,1.0,1.0,1.0,1.0,1.0,1.0,,,,,,
2023-08-26 07:00:00,12,,,,,10.0,13.0,13.0,14.0,,,,,,,1.0,1.0,1.0,,통신장애,통신장애,통신장애,통신장애,
2023-08-26 08:00:00,1,0.001,0.6,0.033,0.017,22.0,20.0,7.0,11.0,52.0,2.0,1.0,1.0,2.0,1.0,1.0,1.0,1.0,,,,,,
2023-08-26 08:00:00,2,0.002,0.2,0.039,0.009,19.0,22.0,11.0,11.0,57.0,2.0,1.0,1.0,2.0,1.0,1.0,1.0,1.0,,,,,,
2023-08-26 08:00:00,3,0.002,0.4,0.034,0.01,25.0,24.0,10.0,11.0,54.0,2.0,1.0,1.0,2.0,1.0,1.0,1.0,1.0,,,,,,
2023-08-26 08:00:00,4,0.002,0.3,0.043,0.008,25.0,24.0,8.0,11.0,61.0,2.0,1.0,1.0,2.0,1.0,1.0,1.0,1.0,,,,,,
2023-08-26 08:00:00,5,0.003,0.3,0.027,0.014,27.0,20.0,13.0,11.0,45.0,1.0,1.0,1.0,1.0,1.0,1.0,1.0,1.0,,,,,,
2023-08-26 08:00:00,6,0.001,0.3,0.037,0.009,19.0,20.0,15.0,15.0,56.0,2.0,1.0,1.0,2.0,1.0,1.0,1.0,1.0,,,,,,
2023-08-26 08:00:00,7,0.002,0.2,0.046,0.005,31.0,25.0,17.0,17.0,64.0,2.0,1.0,1.0,2.0,1.0,1.0,2.0,2.0,,,,,,
2023-08-26 08:00:00,8,0.001,0.3,0.04,0.004,17.0,23.0,15.0,10.0,58.0,2.0,1.0,1.0,2.0,1.0,1.0,1.0,1.0,,,,,,
2023-08-26 08:00:00,9,0.001,0.3,0.038,0.004,30.0,25.0,18.0,15.0,57.0,2.0,1.0,1.0,2.0,1.0,1.0,2.0,1.0,,,,,,
2023-08-26 08:00:00,10,0.001,0.3,0.004,0.009,24.0,20.0,10.0,10.0,33.0,1.0,1.0,1.0,1.0,1.0,1.0,1.0,1.0,,,,,,
2023-08-26 08:00:00,11,0.002,0.5,0.024,0.028,24.0,22.0,9.0,10.0,47.0,1.0,1.0,1.0,1.0,1.0,1.0,1.0,1.0,,,,,,
2023-08-26 08:00:00,12,,,,,4.0,11.0,11.0,14.0,,,,,,,1.0,1.0,1.0,,통신장애,통신장애,통신장애,통신장애,
2023-08-26 09:00:00,1,0.002,0.6,0.058,0.011,28.0,22.0,8.0,10.0,73.0,2.0,1.0,1.0,2.0,1.0,1.0,1.0,1.0,,,,,,
2023-08-26 09:00:00,2,0.002,0.2,0.056,0.009,26.0,22.0,12.0,10.0,71.0,2.0,1.0,1.0,2.0,1.0,1.0,1.0,1.0,,,,,,
2023-08-26 09:00:00,3,0.002,0.4,0.059,0.005,26.0,25.0,10.0,11.0,74.0,2.0,1.0,1.0,2.0,1.0,1.0,1.0,1.0,,,,,,
2023-08-26 09:00:00,4,0.002,0.3,0.061,0.005,25.0,24.0,12.0,11.0,76.0,2.0,1.0,1.0,2.0,1.0,1.0,1.0,1.0,,,,,,
2023-08-26 09:00:00,5,0.003,0.3,0.058,0.006,27.0,21.0,12.0,11.0,73.0,2.0,1.0,1.0,2.0,1.0,1.0,1.0,1.0,,,,,,
2023-08-26 09:00:00,6,0.001,0.3,0.053,0.005,23.0,20.0,13.0,15.0,69.0,2.0,1.0,1.0,2.0,1.0,1.0,1.0,1.0,,,,,,
2023-08-26 09:00:00,7,0.002,0.2,0.049,0.007,34.0,26.0,17.0,17.0,66.0,2.0,1.0,1.0,2.0,1.0,1.0,2.0,2.0,,,,,,
2023-08-26 09:00:00,8,0.001,0.3,0.052,0.002,20.0,22.0,6.0,9.0,69.0,2.0,1.0,1.0,2.0,1.0,1.0,1.0,1.0,,,,,,
2023-08-26 09:00:00,9,0.002,0.3,0.047,0.005,28.0,26.0,12.0,15.0,65.0,2.0,1.0,1.0,2.0,1.0,1.0,1.0,1.0,,,,,,
2023-08-26 09:00:00,10,0.001,0.3,0.01,0.009,22.0,20.0,8.0,10.0,33.0,1.0,1.0,1.0,1.0,1.0,1.0,1.0,1.0,,,,,,
2023-08-26 09:00:00,11,0.002,0.4,0.043,0.021,32.0,24.0,15.0,11.0,61.0,2.0,1.0,1.0,2.0,1.0,1.0,1.0,2.0,,,,,,
2023-08-26 09:00:00,12,,,,,21.0,12.0,13.0,13.0,,,,,,,1.0,1.0,1.0,,통신장애,통신장애,통신장애,통신장애,
2023-08-26 10:00:00,1,0.002,0.5,0.064,0.009,28.0,23.0,10.0,10.0,78.0,2.0,1.0,1.0,2.0,1.0,1.0,1.0,1.0,,,,,,
2023-08-26 10:00:00,2,0.002,0.2,0.059,0.009,31.0,23.0,15.0,11.0,74.0,2.0,1.0,1.0,2.0,1.0,1.0,1.0,2.0,,,,,,
2023-08-26 10:00:00,3,0.002,0.4,0.065,0.004,31.0,26.0,8.0,11.0,79.0,2.0,1.0,1.0,2.0,1.0,1.0,1.0,2.0,,,,,,
2023-08-26 10:00:00,4,0.002,0.3,0.065,0.005,30.0,25.0,15.0,12.0,80.0,2.0,1.0,1.0,2.0,1.0,1.0,1.0,1.0,,,,,,
2023-08-26 10:00:00,5,0.003,0.3,0.064,0.004,30.0,23.0,13.0,11.0,79.0,2.0,1.0,1.0,2.0,1.0,1.0,1.0,1.0,,,,,,
2023-08-26 10:00:00,6,0.001,0.3,0.053,0.005,22.0,21.0,13.0,14.0,70.0,2.0,1.0,1.0,2.0,1.0,1.0,1.0,1.0,,,,,,
2023-08-26 10:00:00,7,0.002,0.2,0.056,0.007,30.0,27.0,23.0,18.0,72.0,2.0,1.0,1.0,2.0,1.0,1.0,2.0,1.0,,,,,,
2023-08-26 10:00:00,8,0.001,0.3,0.057,0.002,28.0,23.0,9.0,9.0,72.0,2.0,1.0,1.0,2.0,1.0,1.0,1.0,1.0,,,,,,
2023-08-26 10:00:00,9,0.002,0.3,0.056,0.004,28.0,26.0,18.0,15.0,71.0,2.0,1.0,1.0,2.0,1.0,1.0,2.0,1.0,,,,,,
2023-08-26 10:00:00,10,0.001,0.4,0.017,0.009,18.0,20.0,6.0,9.0,33.0,1.0,1.0,1.0,1.0,1.0,1.0,1.0,1.0,,,,,,
2023-08-26 10:00:00,11,0.002,0.4,0.046,0.02,26.0,25.0,13.0,11.0,64.0,2.0,1.0,1.0,2.0,1.0,1.0,1.0,1.0,,,,,,
2023-08-26 10:00:00,12,,,,,30.0,15.0,17.0,14.0,,,,,,,1.0,2.0,1.0,,통신장애,통신장애,통신장애,통신장애,
2023-08-26 11:00:00,1,0.002,0.5,0.062,0.011,27.0,24.0,14.0,10.0,77.0,2.0,1.0,1.0,2.0,1.0,1.0,1.0,1.0,,,,,,
2023-08-26 11:00:00,2,0.002,0.3,0.062,0.009,32.0,25.0,11.0,11.0,76.0,2.0,1.0,1.0,2.0,1.0,1.0,1.0,2.0,,,,,,
2023-08-26 11:00:00,3,0.002,0.4,0.067,0.004,31.0,26.0,7.0,10.0,81.0,2.0,1.0,1.0,2.0,1.0,1.0,1.0,2.0,,,,,,
2023-08-26 11:00:00,4,0.002,0.3,0.067,0.004,26.0,25.0,12.0,12.0,81.0,2.0,1.0,1.0,2.0,1.0,1.0,1.0,1.0,,,,,,
2023-08-26 11:00:00,5,0.003,0.3,0.069,0.004,32.0,26.0,11.0,11.0,83.0,2.0,1.0,1.0,2.0,1.0,1.0,1.0,2.0,,,,,,
2023-08-26 11:00:00,6,0.001,0.3,0.054,0.004,20.0,21.0,13.0,14.0,70.0,2.0,1.0,1.0,2.0,1.0,1.0,1.0,1.0,,,,,,
2023-08-26 11:00:00,7,0.002,0.2,0.057,0.004,28.0,28.0,20.0,18.0,73.0,2.0,1.0,1.0,2.0,1.0,1.0,2.0,1.0,,,,,,
2023-08-26 11:00:00,8,0.001,0.3,0.057,0.003,24.0,23.0,10.0,9.0,73.0,2.0,1.0,1.0,2.0,1.0,1.0,1.0,1.0,,,,,,
2023-08-26 11:00:00,9,0.001,0.3,0.056,0.005,26.0,27.0,18.0,16.0,72.0,2.0,1.0,1.0,2.0,1.0,1.0,2.0,1.0,,,,,,
2023-08-26 11:00:00,10,0.001,0.3,0.017,0.009,17.0,19.0,7.0,8.0,32.0,1.0,1.0,1.0,1.0,1.0,1.0,1.0,1.0,,,,,,
2023-08-26 11:00:00,11,0.002,0.4,0.051,0.018,31.0,26.0,11.0,11.0,68.0,2.0,1.0,1.0,2.0,1.0,1.0,1.0,2.0,,,,,,
2023-08-26 11:00:00,12,,,,,44.0,21.0,12.0,13.0,,,,,,,1.0,1.0,2.0,,통신장애,통신장애,통신장애,통신장애,
2023-08-26 12:00:00,1,0.002,0.5,0.06,0.009,27.0,25.0,10.0,10.0,75.0,2.0,1.0,1.0,2.0,1.0,1.0,1.0,1.0,,,,,,
2023-08-26 12:00:00,2,0.002,0.4,0.062,0.006,22.0,25.0,11.0,11.0,77.0,2.0,1.0,1.0,2.0,1.0,1.0,1.0,1.0,,,,,,
2023-08-26 12:00:00,3,0.003,0.4,0.065,0.004,26.0,26.0,12.0,10.0,79.0,2.0,1.0,1.0,2.0,1.0,1.0,1.0,1.0,,,,,,
2023-08-26 12:00:00,4,0.002,0.3,0.064,0.003,24.0,25.0,9.0,11.0,78.0,2.0,1.0,1.0,2.0,1.0,1.0,1.0,1.0,,,,,,
2023-08-26 12:00:00,5,0.002,0.3,0.066,0.003,27.0,26.0,12.0,11.0,80.0,2.0,1.0,1.0,2.0,1.0,1.0,1.0,1.0,,,,,,
2023-08-26 12:00:00,6,0.001,0.3,0.054,0.004,21.0,21.0,15.0,14.0,70.0,2.0,1.0,1.0,2.0,1.0,1.0,1.0,1.0,,,,,,
2023-08-26 12:00:00,7,0.002,0.2,0.061,0.005,29.0,28.0,18.0,19.0,76.0,2.0,1.0,1.0,2.0,1.0,1.0,2.0,1.0,,,,,,
2023-08-26 12:00:00,8,0.001,0.3,0.061,0.003,40.0,27.0,12.0,9.0,75.0,2.0,1.0,1.0,2.0,1.0,1.0,1.0,2.0,,,,,,
2023-08-26 12:00:00,9,0.001,0.3,0.056,0.004,28.0,27.0,15.0,16.0,72.0,2.0,1.0,1.0,2.0,1.0,1.0,1.0,1.0,,,,,,
2023-08-26 12:00:00,10,0.001,0.4,0.021,0.009,20.0,19.0,7.0,8.0,35.0,1.0,1.0,1.0,1.0,1.0,1.0,1.0,1.0,,,,,,
2023-08-26 12:00:00,11,0.002,0.4,0.055,0.012,31.0,27.0,8.0,11.0,71.0,2.0,1.0,1.0,2.0,1.0,1.0,1.0,2.0,,,,,,
2023-08-26 12:00:00,12,,,,,68.0,32.0,12.0,13.0,,,,,,,2.0,1.0,2.0,,통신장애,통신장애,통신장애,통신장애,
2023-08-26 13:00:00,1,0.002,0.5,0.064,0.008,24.0,24.0,8.0,10.0,78.0,2.0,1.0,1.0,2.0,1.0,1.0,1.0,1.0,,,,,,
2023-08-26 13:00:00,2,0.002,0.4,0.061,0.005,19.0,24.0,12.0,11.0,76.0,2.0,1.0,1.0,2.0,1.0,1.0,1.0,1.0,,,,,,
2023-08-26 13:00:00,3,0.002,0.4,0.065,0.004,19.0,25.0,11.0,10.0,80.0,2.0,1.0,1.0,2.0,1.0,1.0,1.0,1.0,,,,,,
2023-08-26 13:00:00,4,0.002,0.3,0.063,0.003,27.0,25.0,11.0,11.0,78.0,2.0,1.0,1.0,2.0,1.0,1.0,1.0,1.0,,,,,,
2023-08-26 13:00:00,5,0.002,0.3,0.071,0.003,29.0,27.0,11.0,11.0,84.0,2.0,1.0,1.0,2.0,1.0,1.0,1.0,1.0,,,,,,
2023-08-26 13:00:00,6,0.001,0.3,0.059,0.004,24.0,21.0,15.0,14.0,75.0,2.0,1.0,1.0,2.0,1.0,1.0,1.0,1.0,,,,,,
2023-08-26 13:00:00,7,0.002,0.2,0.06,0.004,24.0,27.0,21.0,19.0,75.0,2.0,1.0,1.0,2.0,1.0,1.0,2.0,1.0,,,,,,
2023-08-26 13:00:00,8,0.001,0.3,0.057,0.003,30.0,28.0,9.0,10.0,72.0,2.0,1.0,1.0,2.0,1.0,1.0,1.0,1.0,,,,,,
2023-08-26 13:00:00,9,0.001,0.3,0.056,0.004,27.0,27.0,10.0,15.0,72.0,2.0,1.0,1.0,2.0,1.0,1.0,1.0,1.0,,,,,,
2023-08-26 13:00:00,10,0.001,0.4,0.025,0.008,20.0,19.0,9.0,8.0,41.0,1.0,1.0,1.0,1.0,1.0,1.0,1.0,1.0,,,,,,
2023-08-26 13:00:00,11,0.002,0.4,0.051,0.013,23.0,26.0,9.0,10.0,67.0,2.0,1.0,1.0,2.0,1.0,1.0,1.0,1.0,,,,,,
2023-08-26 13:00:00,12,,,,,77.0,42.0,10.0,13.0,,,,,,,2.0,1.0,2.0,,통신장애,통신장애,통신장애,통신장애,
2023-08-26 14:00:00,1,0.002,0.6,0.059,0.011,22.0,24.0,13.0,11.0,74.0,2.0,1.0,1.0,2.0,1.0,1.0,1.0,1.0,,,,,,
2023-08-26 14:00:00,2,0.002,0.4,0.061,0.005,25.0,24.0,11.0,11.0,75.0,2.0,1.0,1.0,2.0,1.0,1.0,1.0,1.0,,,,,,
2023-08-26 14:00:00,3,0.002,0.4,0.061,0.004,19.0,24.0,13.0,11.0,76.0,2.0,1.0,1.0,2.0,1.0,1.0,1.0,1.0,,,,,,
2023-08-26 14:00:00,4,0.002,0.3,0.064,0.003,23.0,24.0,13.0,11.0,79.0,2.0,1.0,1.0,2.0,1.0,1.0,1.0,1.0,,,,,,
2023-08-26 14:00:00,5,0.002,0.3,0.064,0.003,19.0,25.0,6.0,10.0,78.0,2.0,1.0,1.0,2.0,1.0,1.0,1.0,1.0,,,,,,
2023-08-26 14:00:00,6,0.001,0.3,0.058,0.003,16.0,20.0,12.0,14.0,74.0,2.0,1.0,1.0,2.0,1.0,1.0,1.0,1.0,,,,,,
2023-08-26 14:00:00,7,0.002,0.2,0.06,0.005,24.0,26.0,17.0,19.0,75.0,2.0,1.0,1.0,2.0,1.0,1.0,2.0,1.0,,,,,,
2023-08-26 14:00:00,8,0.001,0.3,0.058,0.002,24.0,28.0,8.0,9.0,73.0,2.0,1.0,1.0,2.0,1.0,1.0,1.0,1.0,,,,,,
2023-08-26 14:00:00,9,0.001,0.3,0.061,0.005,28.0,27.0,17.0,15.0,76.0,2.0,1.0,1.0,2.0,1.0,1.0,2.0,1.0,,,,,,
2023-08-26 14:00:00,10,0.001,0.4,0.03,0.008,23.0,19.0,6.0,8.0,,,1.0,1.0,,,1.0,,,,,,,,
2023-08-26 14:00:00,11,0.002,0.4,0.051,0.014,22.0,26.0,11.0,10.0,68.0,2.0,1.0,1.0,2.0,1.0,1.0,1.0,1.0,,,,,,
2023-08-26 14:00:00,12,,,,,89.0,52.0,8.0,12.0,,,,,,,2.0,1.0,3.0,,통신장애,통신장애,통신장애,통신장애,
2023-08-26 15:00:00,1,0.002,0.5,0.06,0.008,27.0,24.0,8.0,10.0,75.0,2.0,1.0,1.0,2.0,1.0,1.0,1.0,1.0,,,,,,
2023-08-26 15:00:00,2,0.002,0.4,0.06,0.005,25.0,23.0,12.0,11.0,75.0,2.0,1.0,1.0,2.0,1.0,1.0,1.0,1.0,,,,,,
2023-08-26 15:00:00,3,0.001,0.4,0.06,0.004,21.0,22.0,12.0,11.0,75.0,2.0,1.0,1.0,2.0,1.0,1.0,1.0,1.0,,,,,,
2023-08-26 15:00:00,4,0.002,0.3,0.07,0.003,23.0,24.0,12.0,11.0,83.0,2.0,1.0,1.0,2.0,1.0,1.0,1.0,1.0,,,,,,
2023-08-26 15:00:00,5,0.002,0.3,0.062,0.003,28.0,25.0,15.0,11.0,77.0,2.0,1.0,1.0,2.0,1.0,1.0,1.0,1.0,,,,,,
2023-08-26 15:00:00,6,0.001,0.3,0.061,0.003,13.0,19.0,12.0,14.0,76.0,2.0,1.0,1.0,2.0,1.0,1.0,1.0,1.0,,,,,,
2023-08-26 15:00:00,7,0.002,0.2,0.061,0.004,20.0,25.0,16.0,18.0,76.0,2.0,1.0,1.0,2.0,1.0,1.0,2.0,1.0,,,,,,
2023-08-26 15:00:00,8,0.001,0.3,0.059,0.002,34.0,29.0,8.0,9.0,74.0,2.0,1.0,1.0,2.0,1.0,1.0,1.0,2.0,,,,,,
2023-08-26 15:00:00,9,0.001,0.3,0.059,0.005,23.0,26.0,16.0,15.0,74.0,2.0,1.0,1.0,2.0,1.0,1.0,2.0,1.0,,,,,,
2023-08-26 15:00:00,10,0.001,0.4,0.026,0.008,18.0,20.0,6.0,8.0,44.0,1.0,1.0,1.0,1.0,1.0,1.0,1.0,1.0,,,,,,
2023-08-26 15:00:00,11,0.002,0.4,0.05,0.015,30.0,26.0,10.0,10.0,67.0,2.0,1.0,1.0,2.0,1.0,1.0,1.0,1.0,,,,,,
2023-08-26 15:00:00,12,,,,,73.0,58.0,9.0,11.0,,,,,,,2.0,1.0,2.0,,통신장애,통신장애,통신장애,통신장애,
2023-08-26 16:00:00,1,0.002,0.5,0.059,0.007,22.0,24.0,7.0,10.0,74.0,2.0,1.0,1.0,2.0,1.0,1.0,1.0,1.0,,,,,,
2023-08-26 16:00:00,2,0.002,0.4,0.06,0.005,23.0,23.0,11.0,11.0,75.0,2.0,1.0,1.0,2.0,1.0,1.0,1.0,1.0,,,,,,
2023-08-26 16:00:00,3,0.002,0.4,0.061,0.004,23.0,22.0,11.0,11.0,75.0,2.0,1.0,1.0,2.0,1.0,1.0,1.0,1.0,,,,,,
2023-08-26 16:00:00,4,0.002,0.3,0.064,0.003,23.0,24.0,15.0,12.0,78.0,2.0,1.0,1.0,2.0,1.0,1.0,1.0,1.0,,,,,,
2023-08-26 16:00:00,5,0.002,0.3,0.063,0.004,17.0,24.0,11.0,11.0,78.0,2.0,1.0,1.0,2.0,1.0,1.0,1.0,1.0,,,,,,
2023-08-26 16:00:00,6,0.001,0.3,0.059,0.003,15.0,18.0,12.0,13.0,75.0,2.0,1.0,1.0,2.0,1.0,1.0,1.0,1.0,,,,,,
2023-08-26 16:00:00,7,0.002,0.2,0.06,0.004,25.0,25.0,17.0,18.0,75.0,2.0,1.0,1.0,2.0,1.0,1.0,2.0,1.0,,,,,,
2023-08-26 16:00:00,8,0.001,0.3,0.061,0.002,30.0,28.0,9.0,9.0,76.0,2.0,1.0,1.0,2.0,1.0,1.0,1.0,1.0,,,,,,
2023-08-26 16:00:00,9,0.001,0.3,0.059,0.004,26.0,26.0,13.0,15.0,74.0,2.0,1.0,1.0,2.0,1.0,1.0,1.0,1.0,,,,,,
2023-08-26 16:00:00,10,0.001,0.4,0.02,0.008,17.0,20.0,7.0,8.0,34.0,1.0,1.0,1.0,1.0,1.0,1.0,1.0,1.0,,,,,,
2023-08-26 16:00:00,11,0.002,0.4,0.053,0.012,21.0,25.0,10.0,10.0,69.0,2.0,1.0,1.0,2.0,1.0,1.0,1.0,1.0,,,,,,
2023-08-26 16:00:00,12,,,,,58.0,58.0,8.0,10.0,,,,,,,2.0,1.0,2.0,,통신장애,통신장애,통신장애,통신장애,
2023-08-26 17:00:00,1,0.002,0.5,0.058,0.007,18.0,23.0,8.0,10.0,73.0,2.0,1.0,1.0,2.0,1.0,1.0,1.0,1.0,,,,,,
2023-08-26 17:00:00,2,0.002,0.4,0.057,0.005,25.0,24.0,9.0,11.0,72.0,2.0,1.0,1.0,2.0,1.0,1.0,1.0,1.0,,,,,,
2023-08-26 17:00:00,3,0.002,0.4,0.059,0.004,26.0,24.0,9.0,11.0,74.0,2.0,1.0,1.0,2.0,1.0,1.0,1.0,1.0,,,,,,
2023-08-26 17:00:00,4,0.002,0.3,0.061,0.003,18.0,23.0,10.0,12.0,76.0,2.0,1.0,1.0,2.0,1.0,1.0,1.0,1.0,,,,,,
2023-08-26 17:00:00,5,0.002,0.3,0.061,0.003,20.0,23.0,9.0,11.0,76.0,2.0,1.0,1.0,2.0,1.0,1.0,1.0,1.0,,,,,,
2023-08-26 17:00:00,6,0.001,0.3,0.059,0.003,16.0,17.0,13.0,13.0,74.0,2.0,1.0,1.0,2.0,1.0,1.0,1.0,1.0,,,,,,
2023-08-26 17:00:00,7,0.002,0.2,0.058,0.004,23.0,24.0,15.0,17.0,74.0,2.0,1.0,1.0,2.0,1.0,1.0,1.0,1.0,,,,,,
2023-08-26 17:00:00,8,0.001,0.3,0.059,0.002,23.0,27.0,9.0,9.0,74.0,2.0,1.0,1.0,2.0,1.0,1.0,1.0,1.0,,,,,,
2023-08-26 17:00:00,9,0.001,0.3,0.061,0.005,24.0,26.0,13.0,15.0,76.0,2.0,1.0,1.0,2.0,1.0,1.0,1.0,1.0,,,,,,
2023-08-26 17:00:00,10,0.001,0.4,0.015,0.009,22.0,20.0,8.0,7.0,33.0,1.0,1.0,1.0,1.0,1.0,1.0,1.0,1.0,,,,,,
2023-08-26 17:00:00,11,0.002,0.4,0.051,0.011,21.0,25.0,6.0,10.0,68.0,2.0,1.0,1.0,2.0,1.0,1.0,1.0,1.0,,,,,,
2023-08-26 17:00:00,12,,,,,42.0,53.0,13.0,11.0,,,,,,,2.0,1.0,2.0,,통신장애,통신장애,통신장애,통신장애,
2023-08-26 18:00:00,1,0.002,0.5,0.056,0.008,21.0,23.0,10.0,9.0,72.0,2.0,1.0,1.0,2.0,1.0,1.0,1.0,1.0,,,,,,
2023-08-26 18:00:00,2,0.002,0.4,0.051,0.009,22.0,24.0,8.0,10.0,68.0,2.0,1.0,1.0,2.0,1.0,1.0,1.0,1.0,,,,,,
2023-08-26 18:00:00,3,0.002,0.4,0.062,0.004,15.0,23.0,13.0,11.0,77.0,2.0,1.0,1.0,2.0,1.0,1.0,1.0,1.0,,,,,,
2023-08-26 18:00:00,4,0.002,0.3,0.063,0.004,23.0,23.0,13.0,12.0,77.0,2.0,1.0,1.0,2.0,1.0,1.0,1.0,1.0,,,,,,
2023-08-26 18:00:00,5,0.002,0.3,0.062,0.005,20.0,23.0,9.0,11.0,77.0,2.0,1.0,1.0,2.0,1.0,1.0,1.0,1.0,,,,,,
2023-08-26 18:00:00,6,0.001,0.3,0.059,0.003,18.0,17.0,15.0,13.0,74.0,2.0,1.0,1.0,2.0,1.0,1.0,1.0,1.0,,,,,,
2023-08-26 18:00:00,7,0.002,0.2,0.059,0.004,23.0,24.0,15.0,17.0,74.0,2.0,1.0,1.0,2.0,1.0,1.0,1.0,1.0,,,,,,
2023-08-26 18:00:00,8,0.001,0.3,0.058,0.002,19.0,26.0,12.0,10.0,74.0,2.0,1.0,1.0,2.0,1.0,1.0,1.0,1.0,,,,,,
2023-08-26 18:00:00,9,0.001,0.3,0.062,0.005,22.0,25.0,20.0,15.0,77.0,2.0,1.0,1.0,2.0,1.0,1.0,2.0,1.0,,,,,,
2023-08-26 18:00:00,10,0.001,0.4,0.016,0.009,25.0,21.0,7.0,7.0,35.0,1.0,1.0,1.0,1.0,1.0,1.0,1.0,1.0,,,,,,
2023-08-26 18:00:00,11,0.002,0.4,0.043,0.017,24.0,25.0,8.0,9.0,61.0,2.0,1.0,1.0,2.0,1.0,1.0,1.0,1.0,,,,,,
2023-08-26 18:00:00,12,,,,,19.0,44.0,11.0,11.0,,,,,,,2.0,1.0,1.0,,통신장애,통신장애,통신장애,통신장애,
2023-08-26 19:00:00,1,0.001,0.5,0.062,0.006,23.0,23.0,11.0,9.0,77.0,2.0,1.0,1.0,2.0,1.0,1.0,1.0,1.0,,,,,,
2023-08-26 19:00:00,2,0.002,0.4,0.055,0.008,22.0,24.0,9.0,10.0,71.0,2.0,1.0,1.0,2.0,1.0,1.0,1.0,1.0,,,,,,
2023-08-26 19:00:00,3,0.001,0.4,0.062,0.004,18.0,22.0,11.0,11.0,77.0,2.0,1.0,1.0,2.0,1.0,1.0,1.0,1.0,,,,,,
2023-08-26 19:00:00,4,0.002,0.3,0.06,0.005,26.0,23.0,9.0,12.0,75.0,2.0,1.0,1.0,2.0,1.0,1.0,1.0,1.0,,,,,,
2023-08-26 19:00:00,5,0.002,0.3,0.067,0.005,16.0,21.0,10.0,10.0,81.0,2.0,1.0,1.0,2.0,1.0,1.0,1.0,1.0,,,,,,
2023-08-26 19:00:00,6,0.001,0.3,0.057,0.004,15.0,17.0,,13.0,72.0,2.0,1.0,1.0,2.0,1.0,1.0,,1.0,통신장애,,,,,
2023-08-26 19:00:00,7,0.002,0.3,0.068,0.006,26.0,25.0,24.0,18.0,82.0,2.0,1.0,1.0,2.0,1.0,1.0,2.0,1.0,,,,,,
2023-08-26 19:00:00,8,0.001,0.3,0.057,0.002,16.0,24.0,9.0,10.0,73.0,2.0,1.0,1.0,2.0,1.0,1.0,1.0,1.0,,,,,,
2023-08-26 19:00:00,9,0.001,0.3,0.059,0.006,25.0,25.0,13.0,15.0,74.0,2.0,1.0,1.0,2.0,1.0,1.0,1.0,1.0,,,,,,
2023-08-26 19:00:00,10,0.001,0.4,0.017,0.01,20.0,21.0,9.0,8.0,35.0,1.0,1.0,1.0,1.0,1.0,1.0,1.0,1.0,,,,,,
2023-08-26 19:00:00,11,0.002,0.4,0.045,0.018,16.0,23.0,12.0,10.0,62.0,2.0,1.0,1.0,2.0,1.0,1.0,1.0,1.0,,,,,,
2023-08-26 19:00:00,12,,,,,19.0,40.0,13.0,11.0,,,,,,,2.0,1.0,1.0,,통신장애,통신장애,통신장애,통신장애,
2023-08-26 20:00:00,1,0.001,0.5,0.061,0.007,15.0,21.0,11.0,10.0,76.0,2.0,1.0,1.0,2.0,1.0,1.0,1.0,1.0,,,,,,
2023-08-26 20:00:00,2,0.002,0.4,0.056,0.007,16.0,23.0,14.0,11.0,72.0,2.0,1.0,1.0,2.0,1.0,1.0,1.0,1.0,,,,,,
2023-08-26 20:00:00,3,0.002,0.4,0.055,0.006,18.0,21.0,13.0,11.0,71.0,2.0,1.0,1.0,2.0,1.0,1.0,1.0,1.0,,,,,,
2023-08-26 20:00:00,4,0.002,0.3,0.06,0.005,24.0,24.0,16.0,12.0,75.0,2.0,1.0,1.0,2.0,1.0,1.0,2.0,1.0,,,,,,
2023-08-26 20:00:00,5,0.002,0.3,0.063,0.006,19.0,21.0,13.0,11.0,77.0,2.0,1.0,1.0,2.0,1.0,1.0,1.0,1.0,,,,,,
2023-08-26 20:00:00,6,0.001,0.4,0.055,0.004,15.0,17.0,,,,,1.0,1.0,2.0,1.0,1.0,,1.0,통신장애,,,,,
2023-08-26 20:00:00,7,0.002,0.3,0.067,0.007,29.0,26.0,27.0,20.0,81.0,2.0,1.0,1.0,2.0,1.0,1.0,2.0,1.0,,,,,,
2023-08-26 20:00:00,8,0.001,0.3,0.04,0.004,20.0,23.0,8.0,9.0,58.0,2.0,1.0,1.0,2.0,1.0,1.0,1.0,1.0,,,,,,
2023-08-26 20:00:00,9,0.001,0.3,0.036,0.006,28.0,25.0,15.0,15.0,55.0,2.0,1.0,1.0,2.0,1.0,1.0,1.0,1.0,,,,,,
2023-08-26 20:00:00,10,0.001,0.4,0.005,0.009,25.0,22.0,12.0,8.0,37.0,1.0,1.0,1.0,1.0,1.0,1.0,1.0,1.0,,,,,,
2023-08-26 20:00:00,11,0.001,0.4,0.047,0.016,21.0,23.0,11.0,10.0,64.0,2.0,1.0,1.0,2.0,1.0,1.0,1.0,1.0,,,,,,
2023-08-26 20:00:00,12,,,,,4.0,33.0,13.0,12.0,,,,,,,2.0,1.0,1.0,,통신장애,통신장애,통신장애,통신장애,
2023-08-26 21:00:00,1,0.001,0.6,0.047,0.008,22.0,22.0,13.0,11.0,64.0,2.0,1.0,1.0,2.0,1.0,1.0,1.0,1.0,,,,,,
2023-08-26 21:00:00,2,0.002,0.5,0.048,0.007,23.0,22.0,13.0,11.0,65.0,2.0,1.0,1.0,2.0,1.0,1.0,1.0,1.0,,,,,,
2023-08-26 21:00:00,3,0.001,0.4,0.03,0.008,22.0,20.0,15.0,12.0,50.0,1.0,1.0,1.0,1.0,1.0,1.0,1.0,1.0,,,,,,
2023-08-26 21:00:00,4,0.002,0.3,0.044,0.009,27.0,25.0,16.0,13.0,62.0,2.0,1.0,1.0,2.0,1.0,1.0,2.0,1.0,,,,,,
2023-08-26 21:00:00,5,0.002,0.3,0.037,0.007,23.0,21.0,14.0,11.0,56.0,2.0,1.0,1.0,2.0,1.0,1.0,1.0,1.0,,,,,,
2023-08-26 21:00:00,6,0.001,0.3,0.038,0.007,19.0,17.0,17.0,,,,1.0,1.0,2.0,1.0,1.0,2.0,1.0,,,,,,
2023-08-26 21:00:00,7,0.002,0.3,0.049,0.008,35.0,27.0,28.0,22.0,66.0,2.0,1.0,1.0,2.0,1.0,1.0,2.0,2.0,,,,,,
2023-08-26 21:00:00,8,0.001,0.3,0.026,0.004,26.0,23.0,13.0,10.0,43.0,1.0,1.0,1.0,1.0,1.0,1.0,1.0,1.0,,,,,,
2023-08-26 21:00:00,9,0.001,0.3,0.025,0.005,25.0,25.0,14.0,15.0,50.0,1.0,1.0,1.0,1.0,1.0,1.0,1.0,1.0,,,,,,
2023-08-26 21:00:00,10,0.001,0.4,0.004,0.008,27.0,23.0,9.0,9.0,38.0,1.0,1.0,1.0,1.0,1.0,1.0,1.0,1.0,,,,,,
2023-08-26 21:00:00,11,0.001,0.5,0.047,0.012,21.0,22.0,11.0,10.0,64.0,2.0,1.0,1.0,2.0,1.0,1.0,1.0,1.0,,,,,,
2023-08-26 21:00:00,12,,,,,,31.0,12.0,12.0,,,,,,,2.0,1.0,,,통신장애,통신장애,통신장애,통신장애,통신장애
2023-08-26 22:00:00,1,0.001,0.6,0.032,0.011,25.0,22.0,12.0,11.0,52.0,2.0,1.0,1.0,2.0,1.0,1.0,1.0,1.0,,,,,,
2023-08-26 22:00:00,2,0.002,0.4,0.039,0.007,23.0,22.0,12.0,12.0,57.0,2.0,1.0,1.0,2.0,1.0,1.0,1.0,1.0,,,,,,
2023-08-26 22:00:00,3,0.002,0.4,0.026,0.007,22.0,21.0,11.0,12.0,43.0,1.0,1.0,1.0,1.0,1.0,1.0,1.0,1.0,,,,,,
2023-08-26 22:00:00,4,0.002,0.3,0.031,0.01,24.0,25.0,18.0,14.0,51.0,2.0,1.0,1.0,2.0,1.0,1.0,2.0,1.0,,,,,,
2023-08-26 22:00:00,5,0.002,0.3,0.027,0.006,15.0,20.0,9.0,11.0,45.0,1.0,1.0,1.0,1.0,1.0,1.0,1.0,1.0,,,,,,
2023-08-26 22:00:00,6,0.001,0.3,0.038,0.007,15.0,17.0,14.0,,,,1.0,1.0,2.0,1.0,1.0,1.0,1.0,,,,,,
2023-08-26 22:00:00,7,0.002,0.3,0.046,0.008,37.0,29.0,25.0,23.0,69.0,2.0,1.0,1.0,2.0,1.0,1.0,2.0,2.0,,,,,,
2023-08-26 22:00:00,8,0.001,0.3,0.029,0.003,19.0,23.0,10.0,10.0,49.0,1.0,1.0,1.0,1.0,1.0,1.0,1.0,1.0,,,,,,
2023-08-26 22:00:00,9,0.001,0.3,0.028,0.005,26.0,26.0,14.0,14.0,47.0,1.0,1.0,1.0,1.0,1.0,1.0,1.0,1.0,,,,,,
2023-08-26 22:00:00,10,0.001,0.4,0.007,0.01,24.0,23.0,15.0,10.0,38.0,1.0,1.0,1.0,1.0,1.0,1.0,1.0,1.0,,,,,,
2023-08-26 22:00:00,11,0.001,0.5,0.041,0.012,22.0,22.0,9.0,10.0,59.0,2.0,1.0,1.0,2.0,1.0,1.0,1.0,1.0,,,,,,
2023-08-26 22:00:00,12,,,,,,,12.0,12.0,,,,,,,,1.0,,,통신장애,통신장애,통신장애,통신장애,통신장애
2023-08-26 23:00:00,1,0.001,0.6,0.031,0.01,24.0,22.0,14.0,11.0,,,1.0,1.0,,,1.0,,,,,,,,
2023-08-26 23:00:00,2,0.002,0.4,0.041,0.005,20.0,21.0,10.0,12.0,59.0,2.0,1.0,1.0,2.0,1.0,1.0,1.0,1.0,,,,,,
2023-08-26 23:00:00,3,0.002,0.4,0.034,0.006,23.0,21.0,13.0,13.0,54.0,2.0,1.0,1.0,2.0,1.0,1.0,1.0,1.0,,,,,,
2023-08-26 23:00:00,4,0.002,0.3,0.027,0.01,23.0,24.0,12.0,14.0,47.0,1.0,1.0,1.0,1.0,1.0,1.0,1.0,1.0,,,,,,
2023-08-26 23:00:00,5,0.002,0.3,0.03,0.006,20.0,20.0,13.0,11.0,,,1.0,1.0,,,1.0,,,,,,,,
2023-08-26 23:00:00,6,0.001,0.4,0.038,0.007,19.0,17.0,17.0,15.0,57.0,2.0,1.0,1.0,2.0,1.0,1.0,2.0,1.0,,,,,,
2023-08-26 23:00:00,7,0.002,0.3,0.041,0.008,34.0,31.0,22.0,23.0,69.0,2.0,1.0,1.0,2.0,1.0,2.0,2.0,2.0,,,,,,
2023-08-26 23:00:00,8,0.001,0.3,0.04,0.003,26.0,24.0,13.0,11.0,58.0,2.0,1.0,1.0,2.0,1.0,1.0,1.0,1.0,,,,,,
2023-08-26 23:00:00,9,0.002,0.3,0.039,0.004,21.0,25.0,12.0,14.0,57.0,2.0,1.0,1.0,2.0,1.0,1.0,1.0,1.0,,,,,,
2023-08-26 23:00:00,10,0.001,0.4,0.008,0.01,24.0,24.0,17.0,11.0,40.0,1.0,1.0,1.0,1.0,1.0,1.0,2.0,1.0,,,,,,
2023-08-26 23:00:00,11,0.001,0.4,0.036,0.012,27.0,23.0,9.0,10.0,55.0,2.0,1.0,1.0,2.0,1.0,1.0,1.0,1.0,,,,,,
2023-08-26 23:00:00,12,,,,,,,14.0,12.0,,,,,,,,1.0,,,통신장애,통신장애,통신장애,통신장애,통신장애
2023-08-27 00:00:00,1,0.001,0.6,0.034,0.008,20.0,22.0,9.0,11.0,53.0,2.0,1.0,1.0,2.0,1.0,1.0,1.0,1.0,,,,,,
2023-08-27 00:00:00,2,0.002,0.4,0.047,0.004,22.0,22.0,8.0,11.0,64.0,2.0,1.0,1.0,2.0,1.0,1.0,1.0,1.0,,,,,,
2023-08-27 00:00:00,3,0.002,0.5,0.041,0.006,27.0,22.0,12.0,12.0,59.0,2.0,1.0,1.0,2.0,1.0,1.0,1.0,1.0,,,,,,
2023-08-27 00:00:00,4,0.002,0.3,0.029,0.01,21.0,24.0,11.0,14.0,49.0,1.0,1.0,1.0,1.0,1.0,1.0,1.0,1.0,,,,,,
2023-08-27 00:00:00,5,0.002,0.3,0.036,0.006,23.0,21.0,13.0,12.0,55.0,2.0,1.0,1.0,2.0,1.0,1.0,1.0,1.0,,,,,,
2023-08-27 00:00:00,6,0.001,0.4,0.04,0.006,12.0,16.0,,15.0,59.0,2.0,1.0,1.0,2.0,1.0,1.0,,1.0,통신장애,,,,,
2023-08-27 00:00:00,7,0.002,0.3,0.05,0.007,26.0,30.0,23.0,23.0,69.0,2.0,1.0,1.0,2.0,1.0,1.0,2.0,1.0,,,,,,
2023-08-27 00:00:00,8,0.001,0.3,0.037,0.003,23.0,24.0,10.0,11.0,56.0,2.0,1.0,1.0,2.0,1.0,1.0,1.0,1.0,,,,,,
2023-08-27 00:00:00,9,0.001,0.3,0.043,0.004,23.0,24.0,11.0,13.0,61.0,2.0,1.0,1.0,2.0,1.0,1.0,1.0,1.0,,,,,,
2023-08-27 00:00:00,10,0.001,0.3,0.012,0.011,19.0,23.0,11.0,11.0,38.0,1.0,1.0,1.0,1.0,1.0,1.0,1.0,1.0,,,,,,
2023-08-27 00:00:00,11,0.001,0.4,0.042,0.007,18.0,22.0,9.0,10.0,60.0,2.0,1.0,1.0,2.0,1.0,1.0,1.0,1.0,,,,,,
2023-08-27 00:00:00,12,,,,,25.0,,11.0,12.0,,,,,,,,1.0,1.0,,통신장애,통신장애,통신장애,통신장애,
2023-08-27 01:00:00,1,0.001,0.5,0.037,0.007,19.0,22.0,9.0,11.0,56.0,2.0,1.0,1.0,2.0,1.0,1.0,1.0,1.0,,,,,,
2023-08-27 01:00:00,2,0.002,0.4,0.048,0.004,20.0,22.0,8.0,10.0,65.0,2.0,1.0,1.0,2.0,1.0,1.0,1.0,1.0,,,,,,
2023-08-27 01:00:00,3,0.001,0.4,0.04,0.005,27.0,23.0,16.0,13.0,58.0,2.0,1.0,1.0,2.0,1.0,1.0,2.0,1.0,,,,,,
2023-08-27 01:00:00,4,0.002,0.3,0.029,0.009,31.0,24.0,12.0,13.0,49.0,1.0,1.0,1.0,1.0,1.0,1.0,1.0,2.0,,,,,,
2023-08-27 01:00:00,5,0.002,0.3,0.033,0.005,26.0,21.0,9.0,11.0,52.0,2.0,1.0,1.0,2.0,1.0,1.0,1.0,1.0,,,,,,
2023-08-27 01:00:00,6,0.001,0.3,0.039,0.007,17.0,16.0,17.0,15.0,58.0,2.0,1.0,1.0,2.0,1.0,1.0,2.0,1.0,,,,,,
2023-08-27 01:00:00,7,0.002,0.3,0.048,0.007,30.0,30.0,21.0,22.0,66.0,2.0,1.0,1.0,2.0,1.0,1.0,2.0,1.0,,,,,,
2023-08-27 01:00:00,8,0.001,0.3,0.039,0.002,20.0,23.0,10.0,10.0,58.0,2.0,1.0,1.0,2.0,1.0,1.0,1.0,1.0,,,,,,
2023-08-27 01:00:00,9,0.001,0.3,0.044,0.003,19.0,23.0,11.0,13.0,61.0,2.0,1.0,1.0,2.0,1.0,1.0,1.0,1.0,,,,,,
2023-08-27 01:00:00,10,0.001,0.3,0.014,0.011,14.0,21.0,8.0,11.0,37.0,1.0,1.0,1.0,1.0,1.0,1.0,1.0,1.0,,,,,,
2023-08-27 01:00:00,11,0.001,0.4,0.043,0.007,18.0,22.0,10.0,9.0,61.0,2.0,1.0,1.0,2.0,1.0,1.0,1.0,1.0,,,,,,
2023-08-27 01:00:00,12,,,,,,,9.0,11.0,,,,,,,,1.0,,,통신장애,통신장애,통신장애,통신장애,통신장애
2023-08-27 02:00:00,1,0.001,0.6,0.041,0.006,18.0,21.0,8.0,10.0,59.0,2.0,1.0,1.0,2.0,1.0,1.0,1.0,1.0,,,,,,
2023-08-27 02:00:00,2,0.002,0.3,0.05,0.004,13.0,20.0,10.0,10.0,67.0,2.0,1.0,1.0,2.0,1.0,1.0,1.0,1.0,,,,,,
2023-08-27 02:00:00,3,0.001,0.4,0.034,0.005,25.0,24.0,13.0,13.0,53.0,2.0,1.0,1.0,2.0,1.0,1.0,1.0,1.0,,,,,,
2023-08-27 02:00:00,4,0.002,0.3,0.034,0.008,16.0,23.0,13.0,13.0,53.0,2.0,1.0,1.0,2.0,1.0,1.0,1.0,1.0,,,,,,
2023-08-27 02:00:00,5,0.002,0.2,0.032,0.005,19.0,21.0,9.0,11.0,52.0,2.0,1.0,1.0,2.0,1.0,1.0,1.0,1.0,,,,,,
2023-08-27 02:00:00,6,0.001,0.4,0.042,0.007,17.0,16.0,11.0,15.0,60.0,2.0,1.0,1.0,2.0,1.0,1.0,1.0,1.0,,,,,,
2023-08-27 02:00:00,7,0.002,0.3,0.046,0.006,34.0,30.0,25.0,22.0,66.0,2.0,1.0,1.0,2.0,1.0,1.0,2.0,2.0,,,,,,
2023-08-27 02:00:00,8,0.001,0.3,0.042,0.002,22.0,23.0,13.0,11.0,60.0,2.0,1.0,1.0,2.0,1.0,1.0,1.0,1.0,,,,,,
2023-08-27 02:00:00,9,0.001,0.3,0.044,0.003,18.0,22.0,16.0,13.0,62.0,2.0,1.0,1.0,2.0,1.0,1.0,2.0,1.0,,,,,,
2023-08-27 02:00:00,10,0.001,0.3,0.009,0.01,20.0,20.0,12.0,11.0,37.0,1.0,1.0,1.0,1.0,1.0,1.0,1.0,1.0,,,,,,
2023-08-27 02:00:00,11,0.001,0.4,0.046,0.006,15.0,20.0,9.0,9.0,64.0,2.0,1.0,1.0,2.0,1.0,1.0,1.0,1.0,,,,,,
2023-08-27 02:00:00,12,,,,,2.0,,8.0,11.0,,,,,,,,1.0,1.0,,통신장애,통신장애,통신장애,통신장애,
2023-08-27 03:00:00,1,0.001,0.6,0.047,0.006,20.0,20.0,10.0,10.0,64.0,2.0,1.0,1.0,2.0,1.0,1.0,1.0,1.0,,,,,,
2023-08-27 03:00:00,2,0.002,0.3,0.05,0.003,16.0,19.0,9.0,9.0,67.0,2.0,1.0,1.0,2.0,1.0,1.0,1.0,1.0,,,,,,
2023-08-27 03:00:00,3,0.001,0.4,0.028,0.006,35.0,26.0,17.0,14.0,47.0,1.0,1.0,1.0,1.0,1.0,1.0,2.0,2.0,,,,,,
2023-08-27 03:00:00,4,0.002,0.3,0.039,0.007,22.0,23.0,13.0,13.0,57.0,2.0,1.0,1.0,2.0,1.0,1.0,1.0,1.0,,,,,,
2023-08-27 03:00:00,5,0.002,0.3,0.032,0.005,16.0,20.0,9.0,10.0,52.0,2.0,1.0,1.0,2.0,1.0,1.0,1.0,1.0,,,,,,
2023-08-27 03:00:00,6,0.001,0.3,0.048,0.005,16.0,16.0,13.0,14.0,65.0,2.0,1.0,1.0,2.0,1.0,1.0,1.0,1.0,,,,,,
2023-08-27 03:00:00,7,0.002,0.3,0.05,0.006,28.0,29.0,22.0,22.0,67.0,2.0,1.0,1.0,2.0,1.0,1.0,2.0,1.0,,,,,,
2023-08-27 03:00:00,8,0.001,0.3,0.044,0.002,22.0,22.0,12.0,11.0,62.0,2.0,1.0,1.0,2.0,1.0,1.0,1.0,1.0,,,,,,
2023-08-27 03:00:00,9,0.001,0.3,0.044,0.003,28.0,23.0,15.0,14.0,62.0,2.0,1.0,1.0,2.0,1.0,1.0,1.0,1.0,,,,,,
2023-08-27 03:00:00,10,0.001,0.3,0.012,0.009,15.0,19.0,10.0,10.0,33.0,1.0,1.0,1.0,1.0,1.0,1.0,1.0,1.0,,,,,,
2023-08-27 03:00:00,11,0.001,0.4,0.045,0.006,17.0,19.0,8.0,9.0,62.0,2.0,1.0,1.0,2.0,1.0,1.0,1.0,1.0,,,,,,
2023-08-27 03:00:00,12,,,,,3.0,,11.0,11.0,,,,,,,,1.0,1.0,,통신장애,통신장애,통신장애,통신장애,
2023-08-27 04:00:00,1,0.001,0.6,0.052,0.005,18.0,20.0,10.0,10.0,69.0,2.0,1.0,1.0,2.0,1.0,1.0,1.0,1.0,,,,,,
2023-08-27 04:00:00,2,0.002,0.3,0.052,0.003,20.0,19.0,11.0,10.0,68.0,2.0,1.0,1.0,2.0,1.0,1.0,1.0,1.0,,,,,,
2023-08-27 04:00:00,3,0.002,0.4,0.032,0.006,20.0,25.0,12.0,14.0,51.0,2.0,1.0,1.0,2.0,1.0,1.0,1.0,1.0,,,,,,
2023-08-27 04:00:00,4,0.002,0.3,0.041,0.006,28.0,24.0,10.0,12.0,59.0,2.0,1.0,1.0,2.0,1.0,1.0,1.0,1.0,,,,,,
2023-08-27 04:00:00,5,0.002,0.3,0.028,0.005,20.0,20.0,10.0,10.0,47.0,1.0,1.0,1.0,1.0,1.0,1.0,1.0,1.0,,,,,,
2023-08-27 04:00:00,6,0.001,0.3,0.054,0.005,17.0,17.0,16.0,15.0,70.0,2.0,1.0,1.0,2.0,1.0,1.0,2.0,1.0,,,,,,
2023-08-27 04:00:00,7,0.002,0.3,0.047,0.006,34.0,31.0,22.0,22.0,66.0,2.0,1.0,1.0,2.0,1.0,2.0,2.0,2.0,,,,,,
2023-08-27 04:00:00,8,0.001,0.3,0.047,0.003,24.0,22.0,10.0,11.0,64.0,2.0,1.0,1.0,2.0,1.0,1.0,1.0,1.0,,,,,,
2023-08-27 04:00:00,9,0.001,0.3,0.047,0.004,23.0,23.0,19.0,15.0,64.0,2.0,1.0,1.0,2.0,1.0,1.0,2.0,1.0,,,,,,
2023-08-27 04:00:00,10,0.001,0.3,0.013,0.01,16.0,19.0,8.0,10.0,33.0,1.0,1.0,1.0,1.0,1.0,1.0,1.0,1.0,,,,,,
2023-08-27 04:00:00,11,0.001,0.4,0.052,0.004,18.0,18.0,8.0,9.0,68.0,2.0,1.0,1.0,2.0,1.0,1.0,1.0,1.0,,,,,,
2023-08-27 04:00:00,12,,,,,6.0,,13.0,11.0,,,,,,,,1.0,1.0,,통신장애,통신장애,통신장애,통신장애,
2023-08-27 05:00:00,1,0.001,0.6,0.056,0.005,17.0,19.0,14.0,11.0,71.0,2.0,1.0,1.0,2.0,1.0,1.0,1.0,1.0,,,,,,
2023-08-27 05:00:00,2,0.002,0.3,0.055,0.003,19.0,18.0,11.0,10.0,71.0,2.0,1.0,1.0,2.0,1.0,1.0,1.0,1.0,,,,,,
2023-08-27 05:00:00,3,0.002,0.4,0.035,0.006,27.0,25.0,11.0,13.0,55.0,2.0,1.0,1.0,2.0,1.0,1.0,1.0,1.0,,,,,,
2023-08-27 05:00:00,4,0.002,0.3,0.034,0.008,41.0,26.0,16.0,13.0,53.0,2.0,1.0,1.0,2.0,1.0,1.0,2.0,2.0,,,,,,
2023-08-27 05:00:00,5,0.003,0.3,0.03,0.01,19.0,19.0,11.0,10.0,50.0,1.0,1.0,1.0,1.0,1.0,1.0,1.0,1.0,,,,,,
2023-08-27 05:00:00,6,0.001,0.3,0.054,0.004,17.0,17.0,17.0,15.0,70.0,2.0,1.0,1.0,2.0,1.0,1.0,2.0,1.0,,,,,,
2023-08-27 05:00:00,7,0.002,0.3,0.044,0.006,29.0,31.0,19.0,22.0,66.0,2.0,1.0,1.0,2.0,1.0,2.0,2.0,1.0,,,,,,
2023-08-27 05:00:00,8,0.001,0.4,0.051,0.003,33.0,24.0,14.0,12.0,67.0,2.0,1.0,1.0,2.0,1.0,1.0,1.0,2.0,,,,,,
2023-08-27 05:00:00,9,0.001,0.3,0.048,0.004,26.0,24.0,16.0,16.0,65.0,2.0,1.0,1.0,2.0,1.0,1.0,2.0,1.0,,,,,,
2023-08-27 05:00:00,10,0.001,0.3,0.01,0.01,17.0,19.0,9.0,10.0,33.0,1.0,1.0,1.0,1.0,1.0,1.0,1.0,1.0,,,,,,
2023-08-27 05:00:00,11,0.001,0.4,0.056,0.004,18.0,18.0,8.0,9.0,72.0,2.0,1.0,1.0,2.0,1.0,1.0,1.0,1.0,,,,,,
2023-08-27 05:00:00,12,,,,,,,10.0,11.0,,,,,,,,1.0,,,통신장애,통신장애,통신장애,통신장애,통신장애
2023-08-27 06:00:00,1,0.001,0.6,0.055,0.006,22.0,20.0,15.0,12.0,71.0,2.0,1.0,1.0,2.0,1.0,1.0,1.0,1.0,,,,,,
2023-08-27 06:00:00,2,0.002,0.2,0.053,0.004,19.0,19.0,12.0,11.0,69.0,2.0,1.0,1.0,2.0,1.0,1.0,1.0,1.0,,,,,,
2023-08-27 06:00:00,3,0.001,0.4,0.029,0.008,27.0,26.0,20.0,14.0,48.0,1.0,1.0,1.0,1.0,1.0,1.0,2.0,1.0,,,,,,
2023-08-27 06:00:00,4,0.002,0.3,0.042,0.007,38.0,30.0,17.0,14.0,60.0,2.0,1.0,1.0,2.0,1.0,1.0,2.0,2.0,,,,,,
2023-08-27 06:00:00,5,0.003,0.3,0.038,0.005,24.0,20.0,14.0,11.0,57.0,2.0,1.0,1.0,2.0,1.0,1.0,1.0,1.0,,,,,,
2023-08-27 06:00:00,6,0.001,0.4,0.055,0.005,20.0,17.0,18.0,16.0,71.0,2.0,1.0,1.0,2.0,1.0,1.0,2.0,1.0,,,,,,
2023-08-27 06:00:00,7,0.002,0.3,0.043,0.006,28.0,30.0,19.0,22.0,66.0,2.0,1.0,1.0,2.0,1.0,1.0,2.0,1.0,,,,,,
2023-08-27 06:00:00,8,0.001,0.4,0.05,0.003,27.0,25.0,15.0,12.0,67.0,2.0,1.0,1.0,2.0,1.0,1.0,1.0,1.0,,,,,,
2023-08-27 06:00:00,9,0.001,0.3,0.048,0.004,28.0,25.0,20.0,16.0,65.0,2.0,1.0,1.0,2.0,1.0,1.0,2.0,1.0,,,,,,
2023-08-27 06:00:00,10,0.001,0.3,0.014,0.01,18.0,18.0,8.0,10.0,33.0,1.0,1.0,1.0,1.0,1.0,1.0,1.0,1.0,,,,,,
2023-08-27 06:00:00,11,0.001,0.4,0.053,0.006,15.0,18.0,8.0,9.0,70.0,2.0,1.0,1.0,2.0,1.0,1.0,1.0,1.0,,,,,,
2023-08-27 06:00:00,12,,,,,8.0,,11.0,11.0,,,,,,,,1.0,1.0,,통신장애,통신장애,통신장애,통신장애,
2023-08-27 07:00:00,1,0.001,0.6,0.055,0.007,21.0,20.0,17.0,13.0,71.0,2.0,1.0,1.0,2.0,1.0,1.0,2.0,1.0,,,,,,
2023-08-27 07:00:00,2,0.002,0.2,0.055,0.005,20.0,19.0,13.0,11.0,71.0,2.0,1.0,1.0,2.0,1.0,1.0,1.0,1.0,,,,,,
2023-08-27 07:00:00,3,0.002,0.4,0.029,0.009,30.0,26.0,15.0,14.0,48.0,1.0,1.0,1.0,1.0,1.0,1.0,1.0,1.0,,,,,,
2023-08-27 07:00:00,4,0.002,0.3,0.041,0.011,25.0,30.0,15.0,14.0,59.0,2.0,1.0,1.0,2.0,1.0,1.0,1.0,1.0,,,,,,
2023-08-27 07:00:00,5,0.003,0.3,0.04,0.009,19.0,20.0,12.0,12.0,59.0,2.0,1.0,1.0,2.0,1.0,1.0,1.0,1.0,,,,,,
2023-08-27 07:00:00,6,0.001,0.3,0.054,0.007,15.0,17.0,15.0,16.0,70.0,2.0,1.0,1.0,2.0,1.0,1.0,1.0,1.0,,,,,,
2023-08-27 07:00:00,7,0.002,0.2,0.042,0.006,26.0,30.0,22.0,22.0,66.0,2.0,1.0,1.0,2.0,1.0,1.0,2.0,1.0,,,,,,
2023-08-27 07:00:00,8,0.001,0.4,0.048,0.004,26.0,26.0,16.0,13.0,65.0,2.0,1.0,1.0,2.0,1.0,1.0,2.0,1.0,,,,,,
2023-08-27 07:00:00,9,0.001,0.3,0.045,0.004,23.0,25.0,19.0,17.0,62.0,2.0,1.0,1.0,2.0,1.0,1.0,2.0,1.0,,,,,,
2023-08-27 07:00:00,10,0.001,0.3,0.013,0.011,27.0,20.0,11.0,10.0,33.0,1.0,1.0,1.0,1.0,1.0,1.0,1.0,1.0,,,,,,
2023-08-27 07:00:00,11,0.001,0.4,0.04,0.02,20.0,18.0,14.0,10.0,58.0,2.0,1.0,1.0,2.0,1.0,1.0,1.0,1.0,,,,,,
2023-08-27 07:00:00,12,,,,,4.0,,13.0,12.0,,,,,,,,1.0,1.0,,통신장애,통신장애,통신장애,통신장애,
2023-08-27 08:00:00,1,0.001,0.6,0.058,0.008,21.0,20.0,14.0,14.0,74.0,2.0,1.0,1.0,2.0,1.0,1.0,1.0,1.0,,,,,,
2023-08-27 08:00:00,2,0.002,0.2,0.053,0.006,15.0,19.0,14.0,12.0,69.0,2.0,1.0,1.0,2.0,1.0,1.0,1.0,1.0,,,,,,
2023-08-27 08:00:00,3,0.002,0.5,0.044,0.007,32.0,28.0,21.0,16.0,61.0,2.0,1.0,1.0,2.0,1.0,1.0,2.0,2.0,,,,,,
2023-08-27 08:00:00,4,0.002,0.3,0.034,0.012,31.0,31.0,13.0,15.0,53.0,2.0,1.0,1.0,2.0,1.0,2.0,1.0,2.0,,,,,,
2023-08-27 08:00:00,5,0.003,0.3,0.049,0.009,31.0,22.0,15.0,12.0,66.0,2.0,1.0,1.0,2.0,1.0,1.0,1.0,2.0,,,,,,
2023-08-27 08:00:00,6,0.001,0.4,0.058,0.006,20.0,18.0,17.0,16.0,73.0,2.0,1.0,1.0,2.0,1.0,1.0,2.0,1.0,,,,,,
2023-08-27 08:00:00,7,0.002,0.2,0.046,0.006,31.0,30.0,24.0,22.0,66.0,2.0,1.0,1.0,2.0,1.0,1.0,2.0,2.0,,,,,,
2023-08-27 08:00:00,8,0.001,0.4,0.051,0.004,28.0,27.0,15.0,14.0,68.0,2.0,1.0,1.0,2.0,1.0,1.0,1.0,1.0,,,,,,
2023-08-27 08:00:00,9,0.001,0.3,0.053,0.005,28.0,25.0,12.0,16.0,69.0,2.0,1.0,1.0,2.0,1.0,1.0,1.0,1.0,,,,,,
2023-08-27 08:00:00,10,0.001,0.4,0.013,0.01,23.0,21.0,10.0,10.0,35.0,1.0,1.0,1.0,1.0,1.0,1.0,1.0,1.0,,,,,,
2023-08-27 08:00:00,11,0.001,0.5,0.039,0.018,21.0,19.0,10.0,10.0,58.0,2.0,1.0,1.0,2.0,1.0,1.0,1.0,1.0,,,,,,
2023-08-27 08:00:00,12,,,,,15.0,,11.0,11.0,,,,,,,,1.0,1.0,,통신장애,통신장애,통신장애,통신장애,
2023-08-27 09:00:00,1,0.001,0.6,0.069,0.006,21.0,21.0,13.0,13.0,82.0,2.0,1.0,1.0,2.0,1.0,1.0,1.0,1.0,,,,,,
2023-08-27 09:00:00,2,0.002,0.3,0.064,0.004,15.0,18.0,13.0,12.0,78.0,2.0,1.0,1.0,2.0,1.0,1.0,1.0,1.0,,,,,,
2023-08-27 09:00:00,3,0.002,0.5,0.066,0.005,23.0,27.0,14.0,16.0,80.0,2.0,1.0,1.0,2.0,1.0,1.0,1.0,1.0,,,,,,
2023-08-27 09:00:00,4,0.002,0.3,0.059,0.007,22.0,28.0,16.0,15.0,75.0,2.0,1.0,1.0,2.0,1.0,1.0,2.0,1.0,,,,,,
2023-08-27 09:00:00,5,0.003,0.3,0.068,0.005,19.0,22.0,16.0,13.0,81.0,2.0,1.0,1.0,2.0,1.0,1.0,2.0,1.0,,,,,,
2023-08-27 09:00:00,6,0.001,0.4,0.061,0.004,14.0,17.0,,16.0,76.0,2.0,1.0,1.0,2.0,1.0,1.0,,1.0,통신장애,,,,,
2023-08-27 09:00:00,7,0.002,0.3,0.062,0.008,29.0,30.0,21.0,22.0,77.0,2.0,1.0,1.0,2.0,1.0,1.0,2.0,1.0,,,,,,
2023-08-27 09:00:00,8,0.001,0.4,0.064,0.003,21.0,25.0,15.0,14.0,78.0,2.0,1.0,1.0,2.0,1.0,1.0,1.0,1.0,,,,,,
2023-08-27 09:00:00,9,0.001,0.3,0.062,0.004,24.0,25.0,18.0,16.0,77.0,2.0,1.0,1.0,2.0,1.0,1.0,2.0,1.0,,,,,,
2023-08-27 09:00:00,10,0.001,0.4,0.01,0.008,15.0,20.0,11.0,10.0,33.0,1.0,1.0,1.0,1.0,1.0,1.0,1.0,1.0,,,,,,
2023-08-27 09:00:00,11,0.001,0.5,0.052,0.014,21.0,19.0,14.0,11.0,69.0,2.0,1.0,1.0,2.0,1.0,1.0,1.0,1.0,,,,,,
2023-08-27 09:00:00,12,,,,,28.0,,13.0,12.0,,,,,,,,1.0,1.0,,통신장애,통신장애,통신장애,통신장애,
2023-08-27 10:00:00,1,0.001,0.6,0.07,0.005,21.0,21.0,11.0,13.0,83.0,2.0,1.0,1.0,2.0,1.0,1.0,1.0,1.0,,,,,,
2023-08-27 10:00:00,2,0.002,0.3,0.064,0.006,21.0,18.0,16.0,13.0,79.0,2.0,1.0,1.0,2.0,1.0,1.0,2.0,1.0,,,,,,
2023-08-27 10:00:00,3,0.001,0.5,0.067,0.006,27.0,27.0,15.0,16.0,81.0,2.0,1.0,1.0,2.0,1.0,1.0,1.0,1.0,,,,,,
2023-08-27 10:00:00,4,0.002,0.3,0.072,0.005,24.0,26.0,15.0,14.0,85.0,2.0,1.0,1.0,2.0,1.0,1.0,1.0,1.0,,,,,,
2023-08-27 10:00:00,5,0.003,0.3,0.072,0.004,22.0,22.0,10.0,13.0,85.0,2.0,1.0,1.0,2.0,1.0,1.0,1.0,1.0,,,,,,
2023-08-27 10:00:00,6,0.001,0.4,0.062,0.003,17.0,17.0,13.0,15.0,77.0,2.0,1.0,1.0,2.0,1.0,1.0,1.0,1.0,,,,,,
2023-08-27 10:00:00,7,0.002,0.2,0.064,0.005,24.0,28.0,18.0,21.0,78.0,2.0,1.0,1.0,2.0,1.0,1.0,2.0,1.0,,,,,,
2023-08-27 10:00:00,8,0.001,0.3,0.061,0.003,19.0,24.0,8.0,13.0,76.0,2.0,1.0,1.0,2.0,1.0,1.0,1.0,1.0,,,,,,
2023-08-27 10:00:00,9,0.002,0.3,0.064,0.005,27.0,25.0,19.0,16.0,78.0,2.0,1.0,1.0,2.0,1.0,1.0,2.0,1.0,,,,,,
2023-08-27 10:00:00,10,0.001,0.4,0.022,0.008,21.0,20.0,10.0,10.0,37.0,1.0,1.0,1.0,1.0,1.0,1.0,1.0,1.0,,,,,,
2023-08-27 10:00:00,11,0.002,0.5,0.055,0.013,21.0,20.0,13.0,11.0,71.0,2.0,1.0,1.0,2.0,1.0,1.0,1.0,1.0,,,,,,
2023-08-27 10:00:00,12,,,,,52.0,,13.0,12.0,,,,,,,,1.0,2.0,,통신장애,통신장애,통신장애,통신장애,
2023-08-27 11:00:00,1,0.001,0.5,0.068,0.006,23.0,21.0,10.0,12.0,82.0,2.0,1.0,1.0,2.0,1.0,1.0,1.0,1.0,,,,,,
2023-08-27 11:00:00,2,0.002,0.4,0.065,0.006,23.0,19.0,13.0,13.0,79.0,2.0,1.0,1.0,2.0,1.0,1.0,1.0,1.0,,,,,,
2023-08-27 11:00:00,3,0.002,0.4,0.066,0.004,21.0,26.0,11.0,15.0,80.0,2.0,1.0,1.0,2.0,1.0,1.0,1.0,1.0,,,,,,
2023-08-27 11:00:00,4,0.002,0.3,0.076,0.004,27.0,27.0,14.0,14.0,88.0,2.0,1.0,1.0,2.0,1.0,1.0,1.0,1.0,,,,,,
2023-08-27 11:00:00,5,0.003,0.3,0.073,0.004,23.0,23.0,10.0,12.0,86.0,2.0,1.0,1.0,2.0,1.0,1.0,1.0,1.0,,,,,,
2023-08-27 11:00:00,6,0.001,0.4,0.066,0.004,21.0,17.0,19.0,16.0,80.0,2.0,1.0,1.0,2.0,1.0,1.0,2.0,1.0,,,,,,
2023-08-27 11:00:00,7,0.002,0.2,0.061,0.004,21.0,27.0,18.0,21.0,76.0,2.0,1.0,1.0,2.0,1.0,1.0,2.0,1.0,,,,,,
2023-08-27 11:00:00,8,0.001,0.3,0.066,0.003,23.0,23.0,4.0,11.0,80.0,2.0,1.0,1.0,2.0,1.0,1.0,1.0,1.0,,,,,,
2023-08-27 11:00:00,9,0.002,0.3,0.068,0.005,30.0,26.0,17.0,16.0,82.0,2.0,1.0,1.0,2.0,1.0,1.0,2.0,1.0,,,,,,
2023-08-27 11:00:00,10,0.001,0.4,0.02,0.008,13.0,18.0,,10.0,34.0,1.0,1.0,1.0,1.0,1.0,1.0,,1.0,통신장애,,,,,
2023-08-27 11:00:00,11,0.002,0.4,0.058,0.01,24.0,20.0,11.0,11.0,74.0,2.0,1.0,1.0,2.0,1.0,1.0,1.0,1.0,,,,,,
2023-08-27 11:00:00,12,,,,,62.0,30.0,13.0,12.0,,,,,,,1.0,1.0,2.0,,통신장애,통신장애,통신장애,통신장애,
2023-08-27 12:00:00,1,0.001,0.5,0.064,0.006,23.0,21.0,11.0,12.0,78.0,2.0,1.0,1.0,2.0,1.0,1.0,1.0,1.0,,,,,,
2023-08-27 12:00:00,2,0.002,0.4,0.062,0.005,17.0,19.0,12.0,13.0,76.0,2.0,1.0,1.0,2.0,1.0,1.0,1.0,1.0,,,,,,
2023-08-27 12:00:00,3,0.002,0.4,0.064,0.004,22.0,25.0,11.0,14.0,78.0,2.0,1.0,1.0,2.0,1.0,1.0,1.0,1.0,,,,,,
2023-08-27 12:00:00,4,,,,,25.0,26.0,10.0,14.0,,,,,,,1.0,1.0,1.0,,통신장애,통신장애,통신장애,통신장애,
2023-08-27 12:00:00,5,0.002,0.3,0.067,0.004,13.0,20.0,11.0,12.0,81.0,2.0,1.0,1.0,2.0,1.0,1.0,1.0,1.0,,,,,,
2023-08-27 12:00:00,6,0.001,0.3,0.067,0.003,15.0,17.0,11.0,15.0,81.0,2.0,1.0,1.0,2.0,1.0,1.0,1.0,1.0,,,,,,
2023-08-27 12:00:00,7,0.002,0.2,0.058,0.004,21.0,26.0,18.0,20.0,74.0,2.0,1.0,1.0,2.0,1.0,1.0,2.0,1.0,,,,,,
2023-08-27 12:00:00,8,0.001,0.3,0.066,0.002,23.0,23.0,5.0,10.0,80.0,2.0,1.0,1.0,2.0,1.0,1.0,1.0,1.0,,,,,,
2023-08-27 12:00:00,9,0.002,0.3,0.07,0.005,31.0,27.0,17.0,17.0,84.0,2.0,1.0,1.0,2.0,1.0,1.0,2.0,2.0,,,,,,
2023-08-27 12:00:00,10,0.001,0.4,0.022,0.008,14.0,17.0,8.0,10.0,37.0,1.0,1.0,1.0,1.0,1.0,1.0,1.0,1.0,,,,,,
2023-08-27 12:00:00,11,0.002,0.5,0.054,0.013,23.0,21.0,9.0,11.0,70.0,2.0,1.0,1.0,2.0,1.0,1.0,1.0,1.0,,,,,,
2023-08-27 12:00:00,12,,,,,67.0,38.0,11.0,12.0,,,,,,,2.0,1.0,2.0,,통신장애,통신장애,통신장애,통신장애,
2023-08-27 13:00:00,1,0.002,0.5,0.064,0.006,22.0,21.0,16.0,12.0,79.0,2.0,1.0,1.0,2.0,1.0,1.0,2.0,1.0,,,,,,
2023-08-27 13:00:00,2,0.002,0.4,0.061,0.005,26.0,20.0,10.0,12.0,75.0,2.0,1.0,1.0,2.0,1.0,1.0,1.0,1.0,,,,,,
2023-08-27 13:00:00,3,0.002,0.4,0.066,0.004,27.0,25.0,13.0,13.0,80.0,2.0,1.0,1.0,2.0,1.0,1.0,1.0,1.0,,,,,,
2023-08-27 13:00:00,4,,,,,21.0,25.0,15.0,14.0,,,,,,,1.0,1.0,1.0,,통신장애,통신장애,통신장애,통신장애,
2023-08-27 13:00:00,5,0.002,0.3,0.069,0.004,16.0,19.0,13.0,11.0,82.0,2.0,1.0,1.0,2.0,1.0,1.0,1.0,1.0,,,,,,
2023-08-27 13:00:00,6,0.001,0.3,0.065,0.004,17.0,17.0,13.0,14.0,79.0,2.0,1.0,1.0,2.0,1.0,1.0,1.0,1.0,,,,,,
2023-08-27 13:00:00,7,0.002,0.2,0.056,0.004,23.0,25.0,14.0,19.0,71.0,2.0,1.0,1.0,2.0,1.0,1.0,1.0,1.0,,,,,,
2023-08-27 13:00:00,8,0.001,0.3,0.062,0.002,18.0,22.0,10.0,9.0,77.0,2.0,1.0,1.0,2.0,1.0,1.0,1.0,1.0,,,,,,
2023-08-27 13:00:00,9,0.002,0.3,0.069,0.005,25.0,27.0,15.0,17.0,83.0,2.0,1.0,1.0,2.0,1.0,1.0,1.0,1.0,,,,,,
2023-08-27 13:00:00,10,,,,,14.0,17.0,8.0,9.0,,,,,,,1.0,1.0,1.0,,통신장애,통신장애,통신장애,통신장애,
2023-08-27 13:00:00,11,0.002,0.4,0.054,0.011,23.0,21.0,7.0,10.0,70.0,2.0,1.0,1.0,2.0,1.0,1.0,1.0,1.0,,,,,,
2023-08-27 13:00:00,12,,,,,85.0,48.0,9.0,11.0,,,,,,,2.0,1.0,3.0,,통신장애,통신장애,통신장애,통신장애,
2023-08-27 14:00:00,1,0.002,0.5,0.066,0.006,26.0,22.0,16.0,13.0,80.0,2.0,1.0,1.0,2.0,1.0,1.0,2.0,1.0,,,,,,
2023-08-27 14:00:00,2,0.002,0.4,0.062,0.006,21.0,21.0,13.0,12.0,76.0,2.0,1.0,1.0,2.0,1.0,1.0,1.0,1.0,,,,,,
2023-08-27 14:00:00,3,0.002,0.4,0.067,0.004,20.0,24.0,13.0,13.0,81.0,2.0,1.0,1.0,2.0,1.0,1.0,1.0,1.0,,,,,,
2023-08-27 14:00:00,4,,,,,20.0,25.0,11.0,13.0,,,,,,,1.0,1.0,1.0,,통신장애,통신장애,통신장애,통신장애,
2023-08-27 14:00:00,5,0.002,0.3,0.069,0.005,36.0,22.0,15.0,12.0,83.0,2.0,1.0,1.0,2.0,1.0,1.0,1.0,2.0,,,,,,
2023-08-27 14:00:00,6,0.001,0.3,0.062,0.003,14.0,17.0,,15.0,77.0,2.0,1.0,1.0,2.0,1.0,1.0,,1.0,통신장애,,,,,
2023-08-27 14:00:00,7,0.002,0.2,0.056,0.004,21.0,24.0,18.0,18.0,72.0,2.0,1.0,1.0,2.0,1.0,1.0,2.0,1.0,,,,,,
2023-08-27 14:00:00,8,0.001,0.3,0.054,0.002,19.0,22.0,6.0,9.0,70.0,2.0,1.0,1.0,2.0,1.0,1.0,1.0,1.0,,,,,,
2023-08-27 14:00:00,9,0.002,0.3,0.068,0.005,22.0,27.0,19.0,17.0,82.0,2.0,1.0,1.0,2.0,1.0,1.0,2.0,1.0,,,,,,
2023-08-27 14:00:00,10,,,,,14.0,16.0,9.0,9.0,,,,,,,1.0,1.0,1.0,,통신장애,통신장애,통신장애,통신장애,
2023-08-27 14:00:00,11,0.002,0.4,0.056,0.012,23.0,22.0,11.0,10.0,72.0,2.0,1.0,1.0,2.0,1.0,1.0,1.0,1.0,,,,,,
2023-08-27 14:00:00,12,,,,,95.0,58.0,14.0,12.0,,,,,,,2.0,1.0,3.0,,통신장애,통신장애,통신장애,통신장애,
2023-08-27 15:00:00,1,0.002,0.5,0.061,0.005,28.0,23.0,14.0,14.0,76.0,2.0,1.0,1.0,2.0,1.0,1.0,1.0,1.0,,,,,,
2023-08-27 15:00:00,2,0.002,0.4,0.058,0.006,26.0,21.0,16.0,13.0,73.0,2.0,1.0,1.0,2.0,1.0,1.0,2.0,1.0,,,,,,
2023-08-27 15:00:00,3,0.003,0.4,0.067,0.004,25.0,24.0,13.0,13.0,81.0,2.0,1.0,1.0,2.0,1.0,1.0,1.0,1.0,,,,,,
2023-08-27 15:00:00,4,,,,,23.0,25.0,14.0,13.0,,,,,,,1.0,1.0,1.0,,통신장애,통신장애,통신장애,통신장애,
2023-08-27 15:00:00,5,0.002,0.4,0.066,0.005,56.0,28.0,25.0,15.0,80.0,2.0,1.0,1.0,2.0,1.0,1.0,2.0,2.0,,,,,,
2023-08-27 15:00:00,6,0.001,0.3,0.055,0.003,13.0,16.0,,,,,1.0,1.0,2.0,1.0,1.0,,1.0,통신장애,,,,,
2023-08-27 15:00:00,7,0.002,0.2,0.05,0.004,23.0,24.0,16.0,18.0,67.0,2.0,1.0,1.0,2.0,1.0,1.0,2.0,1.0,,,,,,
2023-08-27 15:00:00,8,0.001,0.3,0.052,0.002,14.0,21.0,5.0,8.0,68.0,2.0,1.0,1.0,2.0,1.0,1.0,1.0,1.0,,,,,,
2023-08-27 15:00:00,9,0.002,0.3,0.06,0.004,25.0,26.0,18.0,17.0,75.0,2.0,1.0,1.0,2.0,1.0,1.0,2.0,1.0,,,,,,
2023-08-27 15:00:00,10,0.001,0.4,0.065,0.004,18.0,16.0,8.0,9.0,79.0,2.0,1.0,1.0,2.0,1.0,1.0,1.0,1.0,,,,,,
2023-08-27 15:00:00,11,0.002,0.4,0.053,0.011,26.0,22.0,16.0,11.0,70.0,2.0,1.0,1.0,2.0,1.0,1.0,2.0,1.0,,,,,,
2023-08-27 15:00:00,12,,,,,79.0,64.0,9.0,11.0,,,,,,,2.0,1.0,2.0,,통신장애,통신장애,통신장애,통신장애,
2023-08-27 16:00:00,1,0.002,0.5,0.059,0.005,25.0,24.0,17.0,15.0,74.0,2.0,1.0,1.0,2.0,1.0,1.0,2.0,1.0,,,,,,
2023-08-27 16:00:00,2,0.002,0.4,0.054,0.004,20.0,22.0,12.0,13.0,70.0,2.0,1.0,1.0,2.0,1.0,1.0,1.0,1.0,,,,,,
2023-08-27 16:00:00,3,0.002,0.4,0.07,0.004,29.0,26.0,13.0,14.0,83.0,2.0,1.0,1.0,2.0,1.0,1.0,1.0,1.0,,,,,,
2023-08-27 16:00:00,4,0.001,0.3,0.065,0.005,28.0,25.0,13.0,14.0,79.0,2.0,1.0,1.0,2.0,1.0,1.0,1.0,1.0,,,,,,
2023-08-27 16:00:00,5,0.003,0.3,0.063,0.004,30.0,30.0,15.0,15.0,78.0,2.0,1.0,1.0,2.0,1.0,1.0,1.0,1.0,,,,,,
2023-08-27 16:00:00,6,0.001,0.3,0.054,0.003,14.0,15.0,10.0,,,,1.0,1.0,2.0,1.0,1.0,1.0,1.0,,,,,,
2023-08-27 16:00:00,7,0.002,0.2,0.056,0.004,28.0,25.0,21.0,18.0,71.0,2.0,1.0,1.0,2.0,1.0,1.0,2.0,1.0,,,,,,
2023-08-27 16:00:00,8,0.001,0.3,0.052,0.002,18.0,20.0,5.0,8.0,68.0,2.0,1.0,1.0,2.0,1.0,1.0,1.0,1.0,,,,,,
2023-08-27 16:00:00,9,0.002,0.4,0.057,0.004,24.0,25.0,14.0,17.0,73.0,2.0,1.0,1.0,2.0,1.0,1.0,1.0,1.0,,,,,,
2023-08-27 16:00:00,10,0.001,0.4,0.062,0.003,20.0,17.0,10.0,9.0,77.0,2.0,1.0,1.0,2.0,1.0,1.0,1.0,1.0,,,,,,
2023-08-27 16:00:00,11,0.002,0.4,0.05,0.008,29.0,24.0,14.0,12.0,66.0,2.0,1.0,1.0,2.0,1.0,1.0,1.0,1.0,,,,,,
2023-08-27 16:00:00,12,,,,,50.0,61.0,11.0,11.0,,,,,,,2.0,1.0,2.0,,통신장애,통신장애,통신장애,통신장애,
2023-08-27 17:00:00,1,0.002,0.5,0.047,0.004,19.0,24.0,15.0,15.0,64.0,2.0,1.0,1.0,2.0,1.0,1.0,1.0,1.0,,,,,,
2023-08-27 17:00:00,2,0.002,0.4,0.042,0.003,22.0,21.0,11.0,13.0,60.0,2.0,1.0,1.0,2.0,1.0,1.0,1.0,1.0,,,,,,
2023-08-27 17:00:00,3,0.003,0.4,0.061,0.004,22.0,25.0,13.0,14.0,76.0,2.0,1.0,1.0,2.0,1.0,1.0,1.0,1.0,,,,,,
2023-08-27 17:00:00,4,0.001,0.3,0.062,0.005,27.0,25.0,16.0,14.0,77.0,2.0,1.0,1.0,2.0,1.0,1.0,2.0,1.0,,,,,,
2023-08-27 17:00:00,5,,,,,17.0,30.0,9.0,15.0,,,,,,,1.0,1.0,1.0,,통신장애,통신장애,통신장애,통신장애,
2023-08-27 17:00:00,6,0.001,0.3,0.049,0.003,19.0,16.0,9.0,,,,1.0,1.0,2.0,1.0,1.0,1.0,1.0,,,,,,
2023-08-27 17:00:00,7,0.002,0.2,0.053,0.004,39.0,27.0,13.0,18.0,69.0,2.0,1.0,1.0,2.0,1.0,1.0,1.0,2.0,,,,,,
2023-08-27 17:00:00,8,0.001,0.3,0.049,0.002,13.0,18.0,4.0,7.0,66.0,2.0,1.0,1.0,2.0,1.0,1.0,1.0,1.0,,,,,,
2023-08-27 17:00:00,9,0.002,0.4,0.052,0.005,18.0,24.0,14.0,17.0,68.0,2.0,1.0,1.0,2.0,1.0,1.0,1.0,1.0,,,,,,
2023-08-27 17:00:00,10,0.002,0.3,0.059,0.003,24.0,19.0,9.0,9.0,75.0,2.0,1.0,1.0,2.0,1.0,1.0,1.0,1.0,,,,,,
2023-08-27 17:00:00,11,0.002,0.4,0.037,0.01,25.0,24.0,12.0,12.0,56.0,2.0,1.0,1.0,2.0,1.0,1.0,1.0,1.0,,,,,,
2023-08-27 17:00:00,12,,,,,20.0,52.0,12.0,12.0,,,,,,,2.0,1.0,1.0,,통신장애,통신장애,통신장애,통신장애,
2023-08-27 18:00:00,1,0.002,0.5,0.041,0.004,22.0,23.0,13.0,14.0,59.0,2.0,1.0,1.0,2.0,1.0,1.0,1.0,1.0,,,,,,
2023-08-27 18:00:00,2,0.003,0.4,0.038,0.003,19.0,21.0,15.0,13.0,56.0,2.0,1.0,1.0,2.0,1.0,1.0,1.0,1.0,,,,,,
2023-08-27 18:00:00,3,0.002,0.4,0.052,0.004,23.0,25.0,9.0,13.0,68.0,2.0,1.0,1.0,2.0,1.0,1.0,1.0,1.0,,,,,,
2023-08-27 18:00:00,4,0.001,0.3,0.061,0.005,26.0,25.0,11.0,14.0,76.0,2.0,1.0,1.0,2.0,1.0,1.0,1.0,1.0,,,,,,
2023-08-27 18:00:00,5,,,,,17.0,27.0,9.0,14.0,,,,,,,1.0,1.0,1.0,,통신장애,통신장애,통신장애,통신장애,
2023-08-27 18:00:00,6,0.001,0.3,0.047,0.003,7.0,14.0,,,,,1.0,1.0,2.0,1.0,1.0,,1.0,통신장애,,,,,
2023-08-27 18:00:00,7,0.002,0.2,0.053,0.004,30.0,28.0,18.0,18.0,70.0,2.0,1.0,1.0,2.0,1.0,1.0,2.0,1.0,,,,,,
2023-08-27 18:00:00,8,0.001,0.3,0.045,0.002,16.0,18.0,5.0,6.0,62.0,2.0,1.0,1.0,2.0,1.0,1.0,1.0,1.0,,,,,,
2023-08-27 18:00:00,9,0.002,0.3,0.047,0.005,25.0,24.0,9.0,15.0,64.0,2.0,1.0,1.0,2.0,1.0,1.0,1.0,1.0,,,,,,
2023-08-27 18:00:00,10,0.001,0.3,0.055,0.003,20.0,20.0,9.0,9.0,71.0,2.0,1.0,1.0,2.0,1.0,1.0,1.0,1.0,,,,,,
2023-08-27 18:00:00,11,0.002,0.4,0.03,0.01,21.0,24.0,12.0,13.0,50.0,1.0,1.0,1.0,1.0,1.0,1.0,1.0,1.0,,,,,,
2023-08-27 18:00:00,12,,,,,5.0,40.0,10.0,11.0,,,,,,,2.0,1.0,1.0,,통신장애,통신장애,통신장애,통신장애,
2023-08-27 19:00:00,1,0.001,0.5,0.039,0.005,17.0,22.0,9.0,13.0,57.0,2.0,1.0,1.0,2.0,1.0,1.0,1.0,1.0,,,,,,
2023-08-27 19:00:00,2,0.002,0.4,0.037,0.004,19.0,20.0,12.0,13.0,56.0,2.0,1.0,1.0,2.0,1.0,1.0,1.0,1.0,,,,,,
2023-08-27 19:00:00,3,0.001,0.4,0.056,0.004,23.0,24.0,11.0,12.0,72.0,2.0,1.0,1.0,2.0,1.0,1.0,1.0,1.0,,,,,,
2023-08-27 19:00:00,4,0.001,0.3,0.059,0.005,25.0,26.0,12.0,13.0,75.0,2.0,1.0,1.0,2.0,1.0,1.0,1.0,1.0,,,,,,
2023-08-27 19:00:00,5,0.002,0.3,0.042,0.005,20.0,23.0,12.0,12.0,60.0,2.0,1.0,1.0,2.0,1.0,1.0,1.0,1.0,,,,,,
2023-08-27 19:00:00,6,0.001,0.3,0.042,0.004,16.0,15.0,9.0,,,,1.0,1.0,2.0,1.0,1.0,1.0,1.0,,,,,,
2023-08-27 19:00:00,7,0.002,0.2,0.045,0.004,27.0,29.0,20.0,18.0,63.0,2.0,1.0,1.0,2.0,1.0,1.0,2.0,1.0,,,,,,
2023-08-27 19:00:00,8,0.001,0.3,0.049,0.002,25.0,19.0,8.0,7.0,66.0,2.0,1.0,1.0,2.0,1.0,1.0,1.0,1.0,,,,,,
2023-08-27 19:00:00,9,0.002,0.3,0.043,0.005,20.0,23.0,13.0,14.0,61.0,2.0,1.0,1.0,2.0,1.0,1.0,1.0,1.0,,,,,,
2023-08-27 19:00:00,10,0.001,0.3,0.049,0.004,22.0,20.0,11.0,10.0,66.0,2.0,1.0,1.0,2.0,1.0,1.0,1.0,1.0,,,,,,
2023-08-27 19:00:00,11,0.002,0.4,0.03,0.017,20.0,24.0,12.0,12.0,,,1.0,1.0,,,1.0,,,,,,,,
2023-08-27 19:00:00,12,,,,,,38.0,10.0,11.0,,,,,,,2.0,1.0,,,통신장애,통신장애,통신장애,통신장애,통신장애
2023-08-27 20:00:00,1,0.001,0.5,0.036,0.006,20.0,21.0,9.0,12.0,55.0,2.0,1.0,1.0,2.0,1.0,1.0,1.0,1.0,,,,,,
2023-08-27 20:00:00,2,0.002,0.4,0.034,0.005,19.0,20.0,13.0,13.0,54.0,2.0,1.0,1.0,2.0,1.0,1.0,1.0,1.0,,,,,,
2023-08-27 20:00:00,3,0.001,0.4,0.049,0.004,25.0,24.0,12.0,12.0,66.0,2.0,1.0,1.0,2.0,1.0,1.0,1.0,1.0,,,,,,
2023-08-27 20:00:00,4,0.001,0.3,0.052,0.005,21.0,24.0,10.0,13.0,68.0,2.0,1.0,1.0,2.0,1.0,1.0,1.0,1.0,,,,,,
2023-08-27 20:00:00,5,0.002,0.4,0.046,0.006,23.0,22.0,9.0,11.0,63.0,2.0,1.0,1.0,2.0,1.0,1.0,1.0,1.0,,,,,,
2023-08-27 20:00:00,6,0.001,0.3,0.036,0.006,19.0,15.0,9.0,,,,1.0,1.0,2.0,1.0,1.0,1.0,1.0,,,,,,
2023-08-27 20:00:00,7,0.002,0.2,0.041,0.004,24.0,28.0,15.0,17.0,59.0,2.0,1.0,1.0,2.0,1.0,1.0,1.0,1.0,,,,,,
2023-08-27 20:00:00,8,0.001,0.3,0.035,0.003,23.0,19.0,8.0,7.0,54.0,2.0,1.0,1.0,2.0,1.0,1.0,1.0,1.0,,,,,,
2023-08-27 20:00:00,9,0.002,0.3,0.037,0.006,20.0,23.0,13.0,14.0,56.0,2.0,1.0,1.0,2.0,1.0,1.0,1.0,1.0,,,,,,
2023-08-27 20:00:00,10,0.001,0.2,0.046,0.004,17.0,19.0,11.0,10.0,63.0,2.0,1.0,1.0,2.0,1.0,1.0,1.0,1.0,,,,,,
2023-08-27 20:00:00,11,0.002,0.4,0.039,0.014,23.0,23.0,17.0,13.0,58.0,2.0,1.0,1.0,2.0,1.0,1.0,2.0,1.0,,,,,,
2023-08-27 20:00:00,12,,,,,,,8.0,11.0,,,,,,,,1.0,,,통신장애,통신장애,통신장애,통신장애,통신장애
2023-08-27 21:00:00,1,0.001,0.5,0.031,0.007,20.0,21.0,13.0,12.0,,,1.0,1.0,,,1.0,,,,,,,,
2023-08-27 21:00:00,2,0.002,0.5,0.037,0.007,25.0,21.0,12.0,13.0,56.0,2.0,1.0,1.0,2.0,1.0,1.0,1.0,1.0,,,,,,
2023-08-27 21:00:00,3,0.001,0.4,0.034,0.005,17.0,23.0,9.0,11.0,54.0,2.0,1.0,1.0,2.0,1.0,1.0,1.0,1.0,,,,,,
2023-08-27 21:00:00,4,0.001,0.3,0.03,0.011,21.0,24.0,15.0,13.0,49.0,1.0,1.0,1.0,1.0,1.0,1.0,1.0,1.0,,,,,,
2023-08-27 21:00:00,5,0.002,0.4,0.035,0.006,21.0,22.0,12.0,12.0,54.0,2.0,1.0,1.0,2.0,1.0,1.0,1.0,1.0,,,,,,
2023-08-27 21:00:00,6,0.001,0.4,0.033,0.006,17.0,15.0,10.0,10.0,52.0,2.0,1.0,1.0,2.0,1.0,1.0,1.0,1.0,,,,,,
2023-08-27 21:00:00,7,0.002,0.2,0.043,0.005,23.0,26.0,20.0,18.0,61.0,2.0,1.0,1.0,2.0,1.0,1.0,2.0,1.0,,,,,,
2023-08-27 21:00:00,8,0.001,0.3,0.031,0.004,19.0,20.0,10.0,7.0,,,1.0,1.0,,,1.0,,,,,,,,
2023-08-27 21:00:00,9,0.002,0.3,0.039,0.005,23.0,23.0,17.0,14.0,58.0,2.0,1.0,1.0,2.0,1.0,1.0,2.0,1.0,,,,,,
2023-08-27 21:00:00,10,0.001,0.2,0.046,0.004,14.0,18.0,8.0,9.0,63.0,2.0,1.0,1.0,2.0,1.0,1.0,1.0,1.0,,,,,,
2023-08-27 21:00:00,11,0.002,0.5,0.042,0.014,29.0,24.0,12.0,13.0,60.0,2.0,1.0,1.0,2.0,1.0,1.0,1.0,1.0,,,,,,
2023-08-27 21:00:00,12,,,,,,,8.0,10.0,,,,,,,,1.0,,,통신장애,통신장애,통신장애,통신장애,통신장애
2023-08-27 22:00:00,1,0.001,0.5,0.033,0.006,20.0,21.0,13.0,12.0,53.0,2.0,1.0,1.0,2.0,1.0,1.0,1.0,1.0,,,,,,
2023-08-27 22:00:00,2,0.002,0.4,0.029,0.006,23.0,22.0,12.0,12.0,48.0,1.0,1.0,1.0,1.0,1.0,1.0,1.0,1.0,,,,,,
2023-08-27 22:00:00,3,0.002,0.4,0.031,0.005,19.0,22.0,8.0,11.0,,,1.0,1.0,,,1.0,,,,,,,,
2023-08-27 22:00:00,4,0.001,0.3,0.025,0.01,23.0,23.0,13.0,13.0,43.0,1.0,1.0,1.0,1.0,1.0,1.0,1.0,1.0,,,,,,
2023-08-27 22:00:00,5,0.002,0.3,0.031,0.006,16.0,22.0,8.0,11.0,51.0,2.0,1.0,1.0,2.0,1.0,1.0,1.0,1.0,,,,,,
2023-08-27 22:00:00,6,0.001,0.4,0.035,0.005,16.0,16.0,15.0,11.0,55.0,2.0,1.0,1.0,2.0,1.0,1.0,1.0,1.0,,,,,,
2023-08-27 22:00:00,7,0.002,0.1,0.037,0.004,22.0,25.0,17.0,18.0,56.0,2.0,1.0,1.0,2.0,1.0,1.0,2.0,1.0,,,,,,
2023-08-27 22:00:00,8,0.001,0.3,0.031,0.004,25.0,21.0,9.0,8.0,51.0,2.0,1.0,1.0,2.0,1.0,1.0,1.0,1.0,,,,,,
2023-08-27 22:00:00,9,0.002,0.3,0.039,0.003,16.0,22.0,15.0,15.0,58.0,2.0,1.0,1.0,2.0,1.0,1.0,1.0,1.0,,,,,,
2023-08-27 22:00:00,10,0.002,0.2,0.038,0.005,20.0,18.0,10.0,10.0,57.0,2.0,1.0,1.0,2.0,1.0,1.0,1.0,1.0,,,,,,
2023-08-27 22:00:00,11,0.002,0.5,0.03,0.011,29.0,25.0,17.0,14.0,50.0,1.0,1.0,1.0,1.0,1.0,1.0,2.0,1.0,,,,,,
2023-08-27 22:00:00,12,,,,,,,13.0,10.0,,,,,,,,1.0,,,통신장애,통신장애,통신장애,통신장애,통신장애
2023-08-27 23:00:00,1,0.001,0.5,0.035,0.006,17.0,20.0,12.0,12.0,55.0,2.0,1.0,1.0,2.0,1.0,1.0,1.0,1.0,,,,,,
2023-08-27 23:00:00,2,0.002,0.4,0.033,0.004,16.0,21.0,11.0,12.0,53.0,2.0,1.0,1.0,2.0,1.0,1.0,1.0,1.0,,,,,,
2023-08-27 23:00:00,3,0.002,0.4,0.031,0.005,20.0,22.0,10.0,11.0,,,1.0,1.0,,,1.0,,,,,,,,
2023-08-27 23:00:00,4,0.001,0.3,0.021,0.009,23.0,23.0,17.0,13.0,43.0,1.0,1.0,1.0,1.0,1.0,1.0,2.0,1.0,,,,,,
2023-08-27 23:00:00,5,0.003,0.3,0.035,0.006,17.0,21.0,11.0,11.0,54.0,2.0,1.0,1.0,2.0,1.0,1.0,1.0,1.0,,,,,,
2023-08-27 23:00:00,6,0.001,0.4,0.041,0.005,17.0,16.0,14.0,12.0,59.0,2.0,1.0,1.0,2.0,1.0,1.0,1.0,1.0,,,,,,
2023-08-27 23:00:00,7,0.002,0.1,0.035,0.004,18.0,23.0,12.0,16.0,54.0,2.0,1.0,1.0,2.0,1.0,1.0,1.0,1.0,,,,,,
2023-08-27 23:00:00,8,0.001,0.3,0.038,0.004,17.0,20.0,13.0,9.0,57.0,2.0,1.0,1.0,2.0,1.0,1.0,1.0,1.0,,,,,,
2023-08-27 23:00:00,9,0.002,0.3,0.043,0.004,24.0,22.0,14.0,15.0,61.0,2.0,1.0,1.0,2.0,1.0,1.0,1.0,1.0,,,,,,
2023-08-27 23:00:00,10,0.001,0.2,0.038,0.005,18.0,18.0,8.0,9.0,57.0,2.0,1.0,1.0,2.0,1.0,1.0,1.0,1.0,,,,,,
2023-08-27 23:00:00,11,0.002,0.4,0.026,0.009,27.0,26.0,9.0,13.0,44.0,1.0,1.0,1.0,1.0,1.0,1.0,1.0,1.0,,,,,,
2023-08-27 23:00:00,12,,,,,,,8.0,10.0,,,,,,,,1.0,,,통신장애,통신장애,통신장애,통신장애,통신장애
