date_time,measure_position_id,precipitation_percent,rain_type,precipitation_one_hour,humidity,snow_cover_one_hour,sky_status,temperature,wave,wind_direction,wind_speed,wind_uuu,wind_vvv,lowest_temperature,highest_temperature
2023-08-25 00:00:00,142,20,0,강수없음,85,적설없음,3,26.0,0.5,276,2.0,2.0,-0.2,,
2023-08-25 00:00:00,143,20,0,강수없음,80,적설없음,3,25.0,0.5,270,2.4,2.4,0.0,,
2023-08-25 00:00:00,144,0,0,강수없음,95,적설없음,1,25.0,0.0,285,2.4,2.3,-0.6,,
2023-08-25 00:00:00,145,0,0,강수없음,80,적설없음,1,26.0,0.5,280,3.9,3.8,-0.7,,
2023-08-25 00:00:00,146,20,0,강수없음,80,적설없음,3,26.0,0.5,288,2.6,2.5,-0.8,,
2023-08-25 00:00:00,147,30,0,강수없음,85,적설없음,4,27.0,0.5,272,5.1,5.1,-0.2,,
2023-08-25 00:00:00,148,0,0,강수없음,90,적설없음,1,27.0,0.5,286,2.9,2.8,-0.8,,
2023-08-25 00:00:00,149,20,0,강수없음,70,적설없음,3,27.0,0.5,272,2.4,2.4,-0.1,,
2023-08-25 00:00:00,150,20,0,강수없음,70,적설없음,3,27.0,0.5,272,2.4,2.4,-0.1,,
2023-08-25 00:00:00,151,20,0,강수없음,70,적설없음,3,27.0,0.5,272,2.4,2.4,-0.1,,
2023-08-25 00:00:00,152,20,0,강수없음,70,적설없음,3,27.0,0.5,272,2.4,2.4,-0.1,,
2023-08-25 00:00:00,153,20,0,강수없음,70,적설없음,3,27.0,0.5,272,2.4,2.4,-0.1,,
2023-08-25 00:00:00,154,20,0,강수없음,70,적설없음,3,27.0,0.5,272,2.4,2.4,-0.1,,
2023-08-25 00:00:00,155,20,0,강수없음,75,적설없음,3,27.0,0.5,270,2.5,2.5,0.0,,
2023-08-25 00:00:00,156,20,0,강수없음,75,적설없음,3,27.0,0.5,270,2.5,2.5,0.0,,
2023-08-25 00:00:00,157,20,0,강수없음,70,적설없음,3,27.0,0.5,272,2.4,2.4,-0.1,,
2023-08-25 00:00:00,158,20,0,강수없음,70,적설없음,3,27.0,0.5,272,2.4,2.4,-0.1,,
2023-08-25 00:00:00,159,20,0,강수없음,80,적설없음,3,25.0,0.0,277,2.4,2.4,-0.3,,
2023-08-25 00:00:00,160,20,0,강수없음,80,적설없음,3,25.0,0.0,277,2.4,2.4,-0.3,,
2023-08-25 00:00:00,161,20,0,강수없음,85,적설없음,3,23.0,0.0,276,2.0,2.0,-0.2,,
2023-08-25 01:00:00,142,20,0,강수없음,85,적설없음,3,26.0,0.5,273,2.1,2.1,-0.1,,
2023-08-25 01:00:00,143,20,0,강수없음,80,적설없음,3,25.0,0.5,268,2.5,2.5,0.1,,
2023-08-25 01:00:00,144,20,0,강수없음,95,적설없음,3,25.0,0.0,282,2.4,2.3,-0.5,,
2023-08-25 01:00:00,145,0,0,강수없음,80,적설없음,1,26.0,0.5,277,3.8,3.8,-0.5,,
2023-08-25 01:00:00,146,20,0,강수없음,80,적설없음,3,26.0,0.5,282,2.9,2.8,-0.6,,
2023-08-25 01:00:00,147,30,0,강수없음,85,적설없음,4,27.0,0.5,271,5.2,5.2,-0.1,,
2023-08-25 01:00:00,148,20,0,강수없음,90,적설없음,3,26.0,0.5,282,2.9,2.8,-0.6,,
2023-08-25 01:00:00,149,0,0,강수없음,70,적설없음,1,27.0,0.5,270,2.5,2.5,0.0,,
2023-08-25 01:00:00,150,0,0,강수없음,70,적설없음,1,27.0,0.5,270,2.5,2.5,0.0,,
2023-08-25 01:00:00,151,0,0,강수없음,70,적설없음,1,27.0,0.5,270,2.5,2.5,0.0,,
2023-08-25 01:00:00,152,0,0,강수없음,70,적설없음,1,27.0,0.5,270,2.5,2.5,0.0,,
2023-08-25 01:00:00,153,0,0,강수없음,70,적설없음,1,27.0,0.5,270,2.5,2.5,0.0,,
2023-08-25 01:00:00,154,0,0,강수없음,70,적설없음,1,27.0,0.5,270,2.5,2.5,0.0,,
2023-08-25 01:00:00,155,0,0,강수없음,75,적설없음,1,26.0,0.5,268,2.5,2.5,0.1,,
2023-08-25 01:00:00,156,0,0,강수없음,75,적설없음,1,26.0,0.5,268,2.5,2.5,0.1,,
2023-08-25 01:00:00,157,0,0,강수없음,70,적설없음,1,27.0,0.5,270,2.5,2.5,0.0,,
2023-08-25 01:00:00,158,0,0,강수없음,70,적설없음,1,27.0,0.5,270,2.5,2.5,0.0,,
2023-08-25 01:00:00,159,0,0,강수없음,80,적설없음,1,25.0,0.0,272,2.4,2.4,-0.1,,
2023-08-25 01:00:00,160,0,0,강수없음,80,적설없음,1,25.0,0.0,272,2.4,2.4,-0.1,,
2023-08-25 01:00:00,161,0,0,강수없음,85,적설없음,1,23.0,0.0,270,2.0,2.0,0.0,,
2023-08-25 02:00:00,142,20,0,강수없음,85,적설없음,3,25.0,0.5,267,2.1,2.1,0.1,,
2023-08-25 02:00:00,143,20,0,강수없음,80,적설없음,3,25.0,0.5,261,2.6,2.6,0.4,,
2023-08-25 02:00:00,144,20,0,강수없음,95,적설없음,3,25.0,0.0,275,2.4,2.4,-0.2,,
2023-08-25 02:00:00,145,0,0,강수없음,75,적설없음,1,26.0,0.5,274,4.0,4.0,-0.3,,
2023-08-25 02:00:00,146,20,0,강수없음,80,적설없음,3,26.0,0.5,279,3.0,3.0,-0.5,,
2023-08-25 02:00:00,147,20,0,강수없음,85,적설없음,3,26.0,0.5,272,5.3,5.3,-0.2,,
2023-08-25 02:00:00,148,20,0,강수없음,90,적설없음,3,26.0,0.5,276,3.0,3.0,-0.3,,
2023-08-25 02:00:00,149,0,0,강수없음,70,적설없음,1,27.0,0.5,265,2.5,2.5,0.2,,
2023-08-25 02:00:00,150,0,0,강수없음,70,적설없음,1,27.0,0.5,265,2.5,2.5,0.2,,
2023-08-25 02:00:00,151,0,0,강수없음,70,적설없음,1,27.0,0.5,265,2.5,2.5,0.2,,
2023-08-25 02:00:00,152,0,0,강수없음,70,적설없음,1,27.0,0.5,265,2.5,2.5,0.2,,
2023-08-25 02:00:00,153,0,0,강수없음,70,적설없음,1,27.0,0.5,265,2.5,2.5,0.2,,
2023-08-25 02:00:00,154,0,0,강수없음,70,적설없음,1,27.0,0.5,265,2.5,2.5,0.2,,
2023-08-25 02:00:00,155,20,0,강수없음,75,적설없음,3,26.0,0.5,263,2.6,2.6,0.3,,
2023-08-25 02:00:00,156,20,0,강수없음,75,적설없음,3,26.0,0.5,263,2.6,2.6,0.3,,
2023-08-25 02:00:00,157,0,0,강수없음,70,적설없음,1,27.0,0.5,265,2.5,2.5,0.2,,
2023-08-25 02:00:00,158,0,0,강수없음,70,적설없음,1,27.0,0.5,265,2.5,2.5,0.2,,
2023-08-25 02:00:00,159,0,0,강수없음,80,적설없음,1,25.0,0.0,270,2.5,2.5,0.0,,
2023-08-25 02:00:00,160,0,0,강수없음,80,적설없음,1,25.0,0.0,270,2.5,2.5,0.0,,
2023-08-25 02:00:00,161,0,0,강수없음,85,적설없음,1,23.0,0.0,267,2.1,2.1,0.1,,
2023-08-25 03:00:00,142,20,0,강수없음,85,적설없음,3,25.0,0.5,270,1.9,1.9,0.0,,
2023-08-25 03:00:00,143,20,0,강수없음,80,적설없음,3,25.0,0.5,265,2.4,2.4,0.2,,
2023-08-25 03:00:00,144,20,0,강수없음,95,적설없음,3,25.0,0.0,277,2.4,2.4,-0.3,,
2023-08-25 03:00:00,145,20,0,강수없음,75,적설없음,3,26.0,0.5,276,4.1,4.1,-0.4,,
2023-08-25 03:00:00,146,20,0,강수없음,80,적설없음,3,26.0,0.5,285,2.8,2.7,-0.7,,
2023-08-25 03:00:00,147,20,0,강수없음,85,적설없음,3,26.0,0.5,276,5.1,5.1,-0.5,,
2023-08-25 03:00:00,148,20,0,강수없음,90,적설없음,3,26.0,0.5,277,3.1,3.1,-0.4,,
2023-08-25 03:00:00,149,20,0,강수없음,70,적설없음,3,27.0,0.5,270,2.6,2.6,0.0,,
2023-08-25 03:00:00,150,20,0,강수없음,70,적설없음,3,27.0,0.5,270,2.6,2.6,0.0,,
2023-08-25 03:00:00,151,20,0,강수없음,70,적설없음,3,27.0,0.5,270,2.6,2.6,0.0,,
2023-08-25 03:00:00,152,20,0,강수없음,70,적설없음,3,27.0,0.5,270,2.6,2.6,0.0,,
2023-08-25 03:00:00,153,20,0,강수없음,70,적설없음,3,27.0,0.5,270,2.6,2.6,0.0,,
2023-08-25 03:00:00,154,20,0,강수없음,70,적설없음,3,27.0,0.5,270,2.6,2.6,0.0,,
2023-08-25 03:00:00,155,20,0,강수없음,75,적설없음,3,26.0,0.5,265,2.5,2.5,0.2,,
2023-08-25 03:00:00,156,20,0,강수없음,75,적설없음,3,26.0,0.5,265,2.5,2.5,0.2,,
2023-08-25 03:00:00,157,20,0,강수없음,70,적설없음,3,27.0,0.5,270,2.6,2.6,0.0,,
2023-08-25 03:00:00,158,20,0,강수없음,70,적설없음,3,27.0,0.5,270,2.6,2.6,0.0,,
2023-08-25 03:00:00,159,20,0,강수없음,80,적설없음,3,25.0,0.0,272,2.5,2.5,-0.1,,
2023-08-25 03:00:00,160,20,0,강수없음,80,적설없음,3,25.0,0.0,272,2.5,2.5,-0.1,,
2023-08-25 03:00:00,161,20,0,강수없음,85,적설없음,3,23.0,0.0,273,2.1,2.1,-0.1,,
2023-08-25 04:00:00,142,20,0,강수없음,85,적설없음,3,25.0,0.5,280,2.2,2.2,-0.4,,
2023-08-25 04:00:00,143,20,0,강수없음,80,적설없음,3,25.0,0.5,270,2.3,2.3,0.0,,
2023-08-25 04:00:00,144,20,0,강수없음,90,적설없음,3,24.0,0.0,284,2.5,2.4,-0.6,,
2023-08-25 04:00:00,145,0,0,강수없음,75,적설없음,1,26.0,0.5,277,3.9,3.9,-0.5,,
2023-08-25 04:00:00,146,20,0,강수없음,80,적설없음,3,26.0,0.5,291,2.8,2.6,-1.0,,
2023-08-25 04:00:00,147,0,0,강수없음,85,적설없음,1,26.0,0.5,291,4.7,4.4,-1.7,,
2023-08-25 04:00:00,148,20,0,강수없음,90,적설없음,3,26.0,0.5,283,3.1,3.0,-0.7,,
2023-08-25 04:00:00,149,20,0,강수없음,70,적설없음,3,27.0,0.5,272,2.3,2.3,-0.1,,
2023-08-25 04:00:00,150,20,0,강수없음,70,적설없음,3,27.0,0.5,272,2.3,2.3,-0.1,,
2023-08-25 04:00:00,151,20,0,강수없음,70,적설없음,3,27.0,0.5,272,2.3,2.3,-0.1,,
2023-08-25 04:00:00,152,20,0,강수없음,70,적설없음,3,27.0,0.5,272,2.3,2.3,-0.1,,
2023-08-25 04:00:00,153,20,0,강수없음,70,적설없음,3,27.0,0.5,272,2.3,2.3,-0.1,,
2023-08-25 04:00:00,154,20,0,강수없음,70,적설없음,3,27.0,0.5,272,2.3,2.3,-0.1,,
2023-08-25 04:00:00,155,20,0,강수없음,80,적설없음,3,26.0,0.5,268,2.3,2.3,0.1,,
2023-08-25 04:00:00,156,20,0,강수없음,80,적설없음,3,26.0,0.5,268,2.3,2.3,0.1,,
2023-08-25 04:00:00,157,20,0,강수없음,70,적설없음,3,27.0,0.5,272,2.3,2.3,-0.1,,
2023-08-25 04:00:00,158,20,0,강수없음,70,적설없음,3,27.0,0.5,272,2.3,2.3,-0.1,,
2023-08-25 04:00:00,159,0,0,강수없음,80,적설없음,1,25.0,0.0,275,2.4,2.4,-0.2,,
2023-08-25 04:00:00,160,0,0,강수없음,80,적설없음,1,25.0,0.0,275,2.4,2.4,-0.2,,
2023-08-25 04:00:00,161,20,0,강수없음,85,적설없음,3,23.0,0.0,276,1.9,1.9,-0.2,,
2023-08-25 05:00:00,142,20,0,강수없음,85,적설없음,3,25.0,0.5,281,2.1,2.1,-0.4,,
2023-08-25 05:00:00,143,20,0,강수없음,85,적설없음,3,24.0,0.5,275,2.3,2.3,-0.2,,
2023-08-25 05:00:00,144,20,0,강수없음,90,적설없음,3,25.0,0.0,285,2.4,2.3,-0.6,,
2023-08-25 05:00:00,145,20,0,강수없음,80,적설없음,3,26.0,0.5,278,3.6,3.6,-0.5,,
2023-08-25 05:00:00,146,20,0,강수없음,85,적설없음,3,26.0,0.5,293,2.6,2.4,-1.0,,
2023-08-25 05:00:00,147,20,0,강수없음,85,적설없음,3,26.0,0.5,317,4.2,2.9,-3.1,,
2023-08-25 05:00:00,148,20,0,강수없음,90,적설없음,3,26.0,0.5,287,2.8,2.7,-0.8,,
2023-08-25 05:00:00,149,20,0,강수없음,75,적설없음,3,27.0,0.5,270,2.1,2.1,0.0,,
2023-08-25 05:00:00,150,20,0,강수없음,75,적설없음,3,27.0,0.5,270,2.1,2.1,0.0,,
2023-08-25 05:00:00,151,20,0,강수없음,75,적설없음,3,27.0,0.5,270,2.1,2.1,0.0,,
2023-08-25 05:00:00,152,20,0,강수없음,75,적설없음,3,27.0,0.5,270,2.1,2.1,0.0,,
2023-08-25 05:00:00,153,20,0,강수없음,75,적설없음,3,27.0,0.5,270,2.1,2.1,0.0,,
2023-08-25 05:00:00,154,20,0,강수없음,75,적설없음,3,27.0,0.5,270,2.1,2.1,0.0,,
2023-08-25 05:00:00,155,20,0,강수없음,80,적설없음,3,26.0,0.5,267,2.1,2.1,0.1,,
2023-08-25 05:00:00,156,20,0,강수없음,80,적설없음,3,26.0,0.5,267,2.1,2.1,0.1,,
2023-08-25 05:00:00,157,20,0,강수없음,75,적설없음,3,27.0,0.5,270,2.1,2.1,0.0,,
2023-08-25 05:00:00,158,20,0,강수없음,75,적설없음,3,27.0,0.5,270,2.1,2.1,0.0,,
2023-08-25 05:00:00,159,20,0,강수없음,85,적설없음,3,25.0,0.0,275,2.1,2.1,-0.2,,
2023-08-25 05:00:00,160,20,0,강수없음,85,적설없음,3,25.0,0.0,275,2.1,2.1,-0.2,,
2023-08-25 05:00:00,161,20,0,강수없음,85,적설없음,3,22.0,0.0,277,1.7,1.7,-0.2,,
2023-08-25 06:00:00,142,20,0,강수없음,85,적설없음,3,25.0,0.5,280,2.2,2.2,-0.4,24.0,
2023-08-25 06:00:00,143,20,0,강수없음,85,적설없음,3,24.0,0.5,272,2.4,2.4,-0.1,24.0,
2023-08-25 06:00:00,144,20,0,강수없음,95,적설없음,3,25.0,0.0,281,2.1,2.1,-0.4,24.0,
2023-08-25 06:00:00,145,20,0,강수없음,80,적설없음,3,26.0,0.5,279,3.3,3.3,-0.5,25.0,
2023-08-25 06:00:00,146,20,0,강수없음,85,적설없음,3,26.0,0.5,290,2.7,2.5,-0.9,25.0,
2023-08-25 06:00:00,147,20,0,강수없음,85,적설없음,3,26.0,0.5,337,3.8,1.5,-3.5,25.0,
2023-08-25 06:00:00,148,20,0,강수없음,90,적설없음,3,26.0,0.5,279,2.4,2.4,-0.4,25.0,
2023-08-25 06:00:00,149,20,0,강수없음,75,적설없음,3,27.0,0.5,267,2.0,2.0,0.1,26.0,
2023-08-25 06:00:00,150,20,0,강수없음,75,적설없음,3,27.0,0.5,267,2.0,2.0,0.1,26.0,
2023-08-25 06:00:00,151,20,0,강수없음,75,적설없음,3,27.0,0.5,267,2.0,2.0,0.1,26.0,
2023-08-25 06:00:00,152,20,0,강수없음,75,적설없음,3,27.0,0.5,267,2.0,2.0,0.1,26.0,
2023-08-25 06:00:00,153,20,0,강수없음,75,적설없음,3,27.0,0.5,267,2.0,2.0,0.1,26.0,
2023-08-25 06:00:00,154,20,0,강수없음,75,적설없음,3,27.0,0.5,267,2.0,2.0,0.1,26.0,
2023-08-25 06:00:00,155,20,0,강수없음,80,적설없음,3,26.0,0.5,267,2.1,2.1,0.1,25.0,
2023-08-25 06:00:00,156,20,0,강수없음,80,적설없음,3,26.0,0.5,267,2.1,2.1,0.1,25.0,
2023-08-25 06:00:00,157,20,0,강수없음,75,적설없음,3,27.0,0.5,267,2.0,2.0,0.1,26.0,
2023-08-25 06:00:00,158,20,0,강수없음,75,적설없음,3,27.0,0.5,267,2.0,2.0,0.1,26.0,
2023-08-25 06:00:00,159,20,0,강수없음,85,적설없음,3,25.0,0.0,270,2.0,2.0,0.0,24.0,
2023-08-25 06:00:00,160,20,0,강수없음,85,적설없음,3,25.0,0.0,270,2.0,2.0,0.0,24.0,
2023-08-25 06:00:00,161,20,0,강수없음,90,적설없음,3,22.0,0.0,274,1.6,1.6,-0.1,22.0,
2023-08-25 07:00:00,142,20,0,강수없음,85,적설없음,3,26.0,0.5,281,2.1,2.1,-0.4,,
2023-08-25 07:00:00,143,20,0,강수없음,80,적설없음,3,26.0,0.5,275,2.3,2.3,-0.2,,
2023-08-25 07:00:00,144,20,0,강수없음,90,적설없음,3,26.0,0.0,283,2.2,2.1,-0.5,,
2023-08-25 07:00:00,145,20,0,강수없음,80,적설없음,3,26.0,0.5,282,3.3,3.2,-0.7,,
2023-08-25 07:00:00,146,20,0,강수없음,80,적설없음,3,26.0,0.5,290,2.9,2.7,-1.0,,
2023-08-25 07:00:00,147,20,0,강수없음,85,적설없음,3,27.0,0.5,344,4.0,1.1,-3.8,,
2023-08-25 07:00:00,148,20,0,강수없음,85,적설없음,3,27.0,0.5,282,2.5,2.4,-0.5,,
2023-08-25 07:00:00,149,20,0,강수없음,75,적설없음,3,27.0,0.5,273,2.1,2.1,-0.1,,
2023-08-25 07:00:00,150,20,0,강수없음,75,적설없음,3,27.0,0.5,273,2.1,2.1,-0.1,,
2023-08-25 07:00:00,151,20,0,강수없음,75,적설없음,3,27.0,0.5,273,2.1,2.1,-0.1,,
2023-08-25 07:00:00,152,20,0,강수없음,75,적설없음,3,27.0,0.5,273,2.1,2.1,-0.1,,
2023-08-25 07:00:00,153,20,0,강수없음,75,적설없음,3,27.0,0.5,273,2.1,2.1,-0.1,,
2023-08-25 07:00:00,154,20,0,강수없음,75,적설없음,3,27.0,0.5,273,2.1,2.1,-0.1,,
2023-08-25 07:00:00,155,20,0,강수없음,80,적설없음,3,27.0,0.5,270,2.1,2.1,0.0,,
2023-08-25 07:00:00,156,20,0,강수없음,80,적설없음,3,27.0,0.5,270,2.1,2.1,0.0,,
2023-08-25 07:00:00,157,20,0,강수없음,75,적설없음,3,27.0,0.5,273,2.1,2.1,-0.1,,
2023-08-25 07:00:00,158,20,0,강수없음,75,적설없음,3,27.0,0.5,273,2.1,2.1,-0.1,,
2023-08-25 07:00:00,159,20,0,강수없음,85,적설없음,3,26.0,0.0,275,2.1,2.1,-0.2,,
2023-08-25 07:00:00,160,20,0,강수없음,85,적설없음,3,26.0,0.0,275,2.1,2.1,-0.2,,
2023-08-25 07:00:00,161,20,0,강수없음,85,적설없음,3,24.0,0.0,277,1.7,1.7,-0.2,,
2023-08-25 08:00:00,142,20,0,강수없음,80,적설없음,3,28.0,0.5,290,2.7,2.5,-0.9,,
2023-08-25 08:00:00,143,20,0,강수없음,75,적설없음,3,27.0,0.5,286,2.9,2.8,-0.8,,
2023-08-25 08:00:00,144,0,0,강수없음,85,적설없음,1,28.0,0.0,296,2.5,2.3,-1.1,,
2023-08-25 08:00:00,145,20,0,강수없음,80,적설없음,3,27.0,0.5,294,3.5,3.2,-1.4,,
2023-08-25 08:00:00,146,20,0,강수없음,75,적설없음,3,28.0,0.5,295,3.3,3.0,-1.4,,
2023-08-25 08:00:00,147,30,0,강수없음,85,적설없음,4,27.0,0.5,344,4.8,1.3,-4.6,,
2023-08-25 08:00:00,148,0,0,강수없음,85,적설없음,1,28.0,0.5,292,2.7,2.5,-1.0,,
2023-08-25 08:00:00,149,20,0,강수없음,75,적설없음,3,28.0,0.5,285,3.0,2.9,-0.8,,
2023-08-25 08:00:00,150,20,0,강수없음,75,적설없음,3,28.0,0.5,285,3.0,2.9,-0.8,,
2023-08-25 08:00:00,151,20,0,강수없음,75,적설없음,3,28.0,0.5,285,3.0,2.9,-0.8,,
2023-08-25 08:00:00,152,20,0,강수없음,75,적설없음,3,28.0,0.5,285,3.0,2.9,-0.8,,
2023-08-25 08:00:00,153,20,0,강수없음,75,적설없음,3,28.0,0.5,285,3.0,2.9,-0.8,,
2023-08-25 08:00:00,154,20,0,강수없음,75,적설없음,3,28.0,0.5,285,3.0,2.9,-0.8,,
2023-08-25 08:00:00,155,20,0,강수없음,75,적설없음,3,28.0,0.5,283,3.1,3.0,-0.7,,
2023-08-25 08:00:00,156,20,0,강수없음,75,적설없음,3,28.0,0.5,283,3.1,3.0,-0.7,,
2023-08-25 08:00:00,157,20,0,강수없음,75,적설없음,3,28.0,0.5,285,3.0,2.9,-0.8,,
2023-08-25 08:00:00,158,20,0,강수없음,75,적설없음,3,28.0,0.5,285,3.0,2.9,-0.8,,
2023-08-25 08:00:00,159,20,0,강수없음,80,적설없음,3,27.0,0.0,288,2.9,2.8,-0.9,,
2023-08-25 08:00:00,160,20,0,강수없음,80,적설없음,3,27.0,0.0,288,2.9,2.8,-0.9,,
2023-08-25 08:00:00,161,20,0,강수없음,85,적설없음,3,25.0,0.0,288,2.6,2.5,-0.8,,
2023-08-25 09:00:00,142,20,0,강수없음,75,적설없음,3,28.0,0.5,310,3.0,2.3,-1.9,,
2023-08-25 09:00:00,143,20,0,강수없음,75,적설없음,3,28.0,0.5,310,3.0,2.3,-1.9,,
2023-08-25 09:00:00,144,0,0,강수없음,80,적설없음,1,29.0,0.0,314,2.9,2.1,-2.0,,
2023-08-25 09:00:00,145,20,0,강수없음,75,적설없음,3,27.0,0.5,311,3.7,2.8,-2.4,,
2023-08-25 09:00:00,146,20,0,강수없음,75,적설없음,3,28.0,0.5,310,3.5,2.7,-2.3,,
2023-08-25 09:00:00,147,20,0,강수없음,80,적설없음,3,28.0,0.5,346,5.3,1.3,-5.1,,
2023-08-25 09:00:00,148,0,0,강수없음,80,적설없음,1,29.0,0.5,311,2.9,2.2,-1.9,,
2023-08-25 09:00:00,149,30,0,강수없음,70,적설없음,4,29.0,0.5,302,3.2,2.7,-1.7,,
2023-08-25 09:00:00,150,30,0,강수없음,70,적설없음,4,29.0,0.5,302,3.2,2.7,-1.7,,
2023-08-25 09:00:00,151,30,0,강수없음,70,적설없음,4,29.0,0.5,302,3.2,2.7,-1.7,,
2023-08-25 09:00:00,152,30,0,강수없음,70,적설없음,4,29.0,0.5,302,3.2,2.7,-1.7,,
2023-08-25 09:00:00,153,30,0,강수없음,70,적설없음,4,29.0,0.5,302,3.2,2.7,-1.7,,
2023-08-25 09:00:00,154,30,0,강수없음,70,적설없음,4,29.0,0.5,302,3.2,2.7,-1.7,,
2023-08-25 09:00:00,155,20,0,강수없음,75,적설없음,3,28.0,0.5,303,3.1,2.6,-1.7,,
2023-08-25 09:00:00,156,20,0,강수없음,75,적설없음,3,28.0,0.5,303,3.1,2.6,-1.7,,
2023-08-25 09:00:00,157,30,0,강수없음,70,적설없음,4,29.0,0.5,302,3.2,2.7,-1.7,,
2023-08-25 09:00:00,158,30,0,강수없음,70,적설없음,4,29.0,0.5,302,3.2,2.7,-1.7,,
2023-08-25 09:00:00,159,30,0,강수없음,75,적설없음,4,28.0,0.0,303,3.1,2.6,-1.7,,
2023-08-25 09:00:00,160,30,0,강수없음,75,적설없음,4,28.0,0.0,303,3.1,2.6,-1.7,,
2023-08-25 09:00:00,161,20,0,강수없음,80,적설없음,3,26.0,0.0,302,2.8,2.4,-1.5,,
2023-08-25 10:00:00,142,20,0,강수없음,75,적설없음,3,29.0,0.5,337,2.8,1.1,-2.6,,
2023-08-25 10:00:00,143,20,0,강수없음,75,적설없음,3,28.0,0.5,338,2.9,1.1,-2.7,,
2023-08-25 10:00:00,144,20,0,강수없음,80,적설없음,3,29.0,0.0,335,3.3,1.4,-3.0,,
2023-08-25 10:00:00,145,20,0,강수없음,75,적설없음,3,28.0,0.5,331,3.7,1.8,-3.2,,
2023-08-25 10:00:00,146,20,0,강수없음,75,적설없음,3,28.0,0.5,338,3.2,1.2,-3.0,,
2023-08-25 10:00:00,147,20,0,강수없음,80,적설없음,3,28.0,0.5,347,5.0,1.1,-4.9,,
2023-08-25 10:00:00,148,20,0,강수없음,80,적설없음,3,29.0,0.5,333,3.4,1.5,-3.0,,
2023-08-25 10:00:00,149,20,0,강수없음,70,적설없음,3,29.0,0.5,326,3.0,1.7,-2.5,,
2023-08-25 10:00:00,150,20,0,강수없음,70,적설없음,3,29.0,0.5,326,3.0,1.7,-2.5,,
2023-08-25 10:00:00,151,20,0,강수없음,70,적설없음,3,29.0,0.5,326,3.0,1.7,-2.5,,
2023-08-25 10:00:00,152,20,0,강수없음,70,적설없음,3,29.0,0.5,326,3.0,1.7,-2.5,,
2023-08-25 10:00:00,153,20,0,강수없음,70,적설없음,3,29.0,0.5,326,3.0,1.7,-2.5,,
2023-08-25 10:00:00,154,20,0,강수없음,70,적설없음,3,29.0,0.5,326,3.0,1.7,-2.5,,
2023-08-25 10:00:00,155,20,0,강수없음,75,적설없음,3,28.0,0.5,327,3.0,1.6,-2.5,,
2023-08-25 10:00:00,156,20,0,강수없음,75,적설없음,3,28.0,0.5,327,3.0,1.6,-2.5,,
2023-08-25 10:00:00,157,20,0,강수없음,70,적설없음,3,29.0,0.5,326,3.0,1.7,-2.5,,
2023-08-25 10:00:00,158,20,0,강수없음,70,적설없음,3,29.0,0.5,326,3.0,1.7,-2.5,,
2023-08-25 10:00:00,159,20,0,강수없음,75,적설없음,3,28.0,0.0,326,3.0,1.7,-2.5,,
2023-08-25 10:00:00,160,20,0,강수없음,75,적설없음,3,28.0,0.0,326,3.0,1.7,-2.5,,
2023-08-25 10:00:00,161,20,0,강수없음,80,적설없음,3,26.0,0.0,321,2.7,1.7,-2.1,,
2023-08-25 11:00:00,142,20,0,강수없음,70,적설없음,3,29.0,0.5,356,3.1,0.2,-3.1,,
2023-08-25 11:00:00,143,20,0,강수없음,75,적설없음,3,28.0,0.5,357,3.3,0.2,-3.3,,
2023-08-25 11:00:00,144,20,0,강수없음,80,적설없음,3,29.0,0.0,346,3.6,0.9,-3.5,,
2023-08-25 11:00:00,145,20,0,강수없음,75,적설없음,3,28.0,0.5,341,3.6,1.2,-3.4,,
2023-08-25 11:00:00,146,20,0,강수없음,75,적설없음,3,28.0,0.5,2,3.6,0.0,-3.6,,
2023-08-25 11:00:00,147,0,0,강수없음,80,적설없음,1,29.0,0.5,344,5.1,1.4,-4.9,,
2023-08-25 11:00:00,148,20,0,강수없음,80,적설없음,3,29.0,0.5,345,3.8,1.0,-3.7,,
2023-08-25 11:00:00,149,20,0,강수없음,70,적설없음,3,29.0,0.5,341,3.1,1.0,-2.9,,
2023-08-25 11:00:00,150,20,0,강수없음,70,적설없음,3,29.0,0.5,341,3.1,1.0,-2.9,,
2023-08-25 11:00:00,151,20,0,강수없음,70,적설없음,3,29.0,0.5,341,3.1,1.0,-2.9,,
2023-08-25 11:00:00,152,20,0,강수없음,70,적설없음,3,29.0,0.5,341,3.1,1.0,-2.9,,
2023-08-25 11:00:00,153,20,0,강수없음,70,적설없음,3,29.0,0.5,341,3.1,1.0,-2.9,,
2023-08-25 11:00:00,154,20,0,강수없음,70,적설없음,3,29.0,0.5,341,3.1,1.0,-2.9,,
2023-08-25 11:00:00,155,20,0,강수없음,75,적설없음,3,28.0,0.5,345,3.1,0.8,-3.0,,
2023-08-25 11:00:00,156,20,0,강수없음,75,적설없음,3,28.0,0.5,345,3.1,0.8,-3.0,,
2023-08-25 11:00:00,157,20,0,강수없음,70,적설없음,3,29.0,0.5,341,3.1,1.0,-2.9,,
2023-08-25 11:00:00,158,20,0,강수없음,70,적설없음,3,29.0,0.5,341,3.1,1.0,-2.9,,
2023-08-25 11:00:00,159,20,0,강수없음,75,적설없음,3,28.0,0.0,341,3.1,1.0,-2.9,,
2023-08-25 11:00:00,160,20,0,강수없음,75,적설없음,3,28.0,0.0,341,3.1,1.0,-2.9,,
2023-08-25 11:00:00,161,20,0,강수없음,80,적설없음,3,27.0,0.0,338,2.7,1.0,-2.5,,
2023-08-25 12:00:00,142,20,0,강수없음,70,적설없음,3,29.0,0.5,5,3.7,-0.2,-3.7,,
2023-08-25 12:00:00,143,20,0,강수없음,70,적설없음,3,28.0,0.5,5,3.8,-0.2,-3.8,,
2023-08-25 12:00:00,144,20,0,강수없음,80,적설없음,3,29.0,0.0,347,3.7,0.8,-3.6,,
2023-08-25 12:00:00,145,20,0,강수없음,75,적설없음,3,28.0,0.5,342,3.6,1.1,-3.4,,
2023-08-25 12:00:00,146,0,0,강수없음,75,적설없음,1,28.0,0.5,8,4.2,-0.5,-4.2,,
2023-08-25 12:00:00,147,20,0,강수없음,75,적설없음,3,29.0,0.5,342,5.4,1.7,-5.1,,
2023-08-25 12:00:00,148,20,0,강수없음,80,적설없음,3,30.0,0.5,347,4.0,0.9,-3.9,,
2023-08-25 12:00:00,149,20,0,강수없음,65,적설없음,3,29.0,0.5,349,3.1,0.6,-3.0,,
2023-08-25 12:00:00,150,20,0,강수없음,65,적설없음,3,29.0,0.5,349,3.1,0.6,-3.0,,
2023-08-25 12:00:00,151,20,0,강수없음,65,적설없음,3,29.0,0.5,349,3.1,0.6,-3.0,,
2023-08-25 12:00:00,152,20,0,강수없음,65,적설없음,3,29.0,0.5,349,3.1,0.6,-3.0,,
2023-08-25 12:00:00,153,20,0,강수없음,65,적설없음,3,29.0,0.5,349,3.1,0.6,-3.0,,
2023-08-25 12:00:00,154,20,0,강수없음,65,적설없음,3,29.0,0.5,349,3.1,0.6,-3.0,,
2023-08-25 12:00:00,155,20,0,강수없음,70,적설없음,3,29.0,0.5,355,3.2,0.3,-3.2,,
2023-08-25 12:00:00,156,20,0,강수없음,70,적설없음,3,29.0,0.5,355,3.2,0.3,-3.2,,
2023-08-25 12:00:00,157,20,0,강수없음,65,적설없음,3,29.0,0.5,349,3.1,0.6,-3.0,,
2023-08-25 12:00:00,158,20,0,강수없음,65,적설없음,3,29.0,0.5,349,3.1,0.6,-3.0,,
2023-08-25 12:00:00,159,20,0,강수없음,70,적설없음,3,29.0,0.0,347,3.1,0.7,-3.0,,
2023-08-25 12:00:00,160,20,0,강수없음,70,적설없음,3,29.0,0.0,347,3.1,0.7,-3.0,,
2023-08-25 12:00:00,161,20,0,강수없음,75,적설없음,3,27.0,0.0,347,2.8,0.6,-2.7,,
2023-08-25 13:00:00,142,0,0,강수없음,70,적설없음,1,29.0,0.5,3,3.9,-0.1,-3.9,,
2023-08-25 13:00:00,143,0,0,강수없음,70,적설없음,1,29.0,0.5,3,3.9,-0.1,-3.9,,
2023-08-25 13:00:00,144,20,0,강수없음,75,적설없음,3,29.0,0.0,346,3.4,0.8,-3.3,,
2023-08-25 13:00:00,145,20,0,강수없음,75,적설없음,3,28.0,0.5,339,3.4,1.2,-3.2,,
2023-08-25 13:00:00,146,0,0,강수없음,70,적설없음,1,28.0,0.5,7,4.6,-0.5,-4.6,,
2023-08-25 13:00:00,147,0,0,강수없음,75,적설없음,1,29.0,0.5,337,5.7,2.2,-5.3,,
2023-08-25 13:00:00,148,20,0,강수없음,75,적설없음,3,29.0,0.5,346,3.7,0.9,-3.6,,
2023-08-25 13:00:00,149,20,0,강수없음,65,적설없음,3,30.0,0.5,349,3.1,0.6,-3.0,,
2023-08-25 13:00:00,150,20,0,강수없음,65,적설없음,3,30.0,0.5,349,3.1,0.6,-3.0,,
2023-08-25 13:00:00,151,20,0,강수없음,65,적설없음,3,30.0,0.5,349,3.1,0.6,-3.0,,
2023-08-25 13:00:00,152,20,0,강수없음,65,적설없음,3,30.0,0.5,349,3.1,0.6,-3.0,,
2023-08-25 13:00:00,153,20,0,강수없음,65,적설없음,3,30.0,0.5,349,3.1,0.6,-3.0,,
2023-08-25 13:00:00,154,20,0,강수없음,65,적설없음,3,30.0,0.5,349,3.1,0.6,-3.0,,
2023-08-25 13:00:00,155,20,0,강수없음,70,적설없음,3,29.0,0.5,353,3.3,0.4,-3.3,,
2023-08-25 13:00:00,156,20,0,강수없음,70,적설없음,3,29.0,0.5,353,3.3,0.4,-3.3,,
2023-08-25 13:00:00,157,20,0,강수없음,65,적설없음,3,30.0,0.5,349,3.1,0.6,-3.0,,
2023-08-25 13:00:00,158,20,0,강수없음,65,적설없음,3,30.0,0.5,349,3.1,0.6,-3.0,,
2023-08-25 13:00:00,159,20,0,강수없음,70,적설없음,3,29.0,0.0,346,3.0,0.7,-2.9,,
2023-08-25 13:00:00,160,20,0,강수없음,70,적설없음,3,29.0,0.0,346,3.0,0.7,-2.9,,
2023-08-25 13:00:00,161,20,0,강수없음,75,적설없음,3,27.0,0.0,350,2.7,0.5,-2.7,,
2023-08-25 14:00:00,142,0,0,강수없음,70,적설없음,1,29.0,0.5,1,4.1,0.0,-4.1,,
2023-08-25 14:00:00,143,0,0,강수없음,70,적설없음,1,29.0,0.5,360,4.1,0.0,-4.1,,
2023-08-25 14:00:00,144,20,0,강수없음,75,적설없음,3,29.0,0.0,340,3.3,1.1,-3.1,,
2023-08-25 14:00:00,145,20,0,강수없음,70,적설없음,3,28.0,0.5,335,3.5,1.5,-3.2,,
2023-08-25 14:00:00,146,0,0,강수없음,70,적설없음,1,28.0,0.5,5,5.0,-0.3,-5.0,,
2023-08-25 14:00:00,147,0,0,강수없음,75,적설없음,1,29.0,0.5,334,5.9,2.6,-5.3,,
2023-08-25 14:00:00,148,20,0,강수없음,75,적설없음,3,30.0,0.5,339,3.6,1.3,-3.4,,
2023-08-25 14:00:00,149,20,0,강수없음,65,적설없음,3,30.0,0.5,343,3.1,0.9,-3.0,,
2023-08-25 14:00:00,150,20,0,강수없음,65,적설없음,3,30.0,0.5,343,3.1,0.9,-3.0,,
2023-08-25 14:00:00,151,20,0,강수없음,65,적설없음,3,30.0,0.5,343,3.1,0.9,-3.0,,
2023-08-25 14:00:00,152,20,0,강수없음,65,적설없음,3,30.0,0.5,343,3.1,0.9,-3.0,,
2023-08-25 14:00:00,153,20,0,강수없음,65,적설없음,3,30.0,0.5,343,3.1,0.9,-3.0,,
2023-08-25 14:00:00,154,20,0,강수없음,65,적설없음,3,30.0,0.5,343,3.1,0.9,-3.0,,
2023-08-25 14:00:00,155,20,0,강수없음,70,적설없음,3,29.0,0.5,348,3.4,0.7,-3.3,,
2023-08-25 14:00:00,156,20,0,강수없음,70,적설없음,3,29.0,0.5,348,3.4,0.7,-3.3,,
2023-08-25 14:00:00,157,20,0,강수없음,65,적설없음,3,30.0,0.5,343,3.1,0.9,-3.0,,
2023-08-25 14:00:00,158,20,0,강수없음,65,적설없음,3,30.0,0.5,343,3.1,0.9,-3.0,,
2023-08-25 14:00:00,159,20,0,강수없음,70,적설없음,3,29.0,0.0,343,3.0,0.9,-2.9,,
2023-08-25 14:00:00,160,20,0,강수없음,70,적설없음,3,29.0,0.0,343,3.0,0.9,-2.9,,
2023-08-25 14:00:00,161,20,0,강수없음,75,적설없음,3,27.0,0.0,347,2.8,0.6,-2.7,,
2023-08-25 15:00:00,142,20,0,강수없음,70,적설없음,3,29.0,0.5,357,4.3,0.2,-4.3,,30.0
2023-08-25 15:00:00,143,20,0,강수없음,70,적설없음,3,29.0,0.5,356,4.3,0.3,-4.3,,29.0
2023-08-25 15:00:00,144,20,0,강수없음,75,적설없음,3,29.0,0.0,333,3.3,1.5,-2.9,,30.0
2023-08-25 15:00:00,145,20,0,강수없음,70,적설없음,3,28.0,0.5,331,3.8,1.8,-3.3,,29.0
2023-08-25 15:00:00,146,0,0,강수없음,70,적설없음,1,28.0,0.5,360,5.2,0.0,-5.2,,29.0
2023-08-25 15:00:00,147,0,0,강수없음,75,적설없음,1,29.0,0.5,333,5.7,2.6,-5.1,,29.0
2023-08-25 15:00:00,148,20,0,강수없음,75,적설없음,3,30.0,0.5,332,3.6,1.7,-3.2,,30.0
2023-08-25 15:00:00,149,20,0,강수없음,60,적설없음,3,30.0,0.5,340,3.3,1.1,-3.1,,31.0
2023-08-25 15:00:00,150,20,0,강수없음,60,적설없음,3,30.0,0.5,340,3.3,1.1,-3.1,,31.0
2023-08-25 15:00:00,151,20,0,강수없음,60,적설없음,3,30.0,0.5,340,3.3,1.1,-3.1,,31.0
2023-08-25 15:00:00,152,20,0,강수없음,60,적설없음,3,30.0,0.5,340,3.3,1.1,-3.1,,31.0
2023-08-25 15:00:00,153,20,0,강수없음,60,적설없음,3,30.0,0.5,340,3.3,1.1,-3.1,,31.0
2023-08-25 15:00:00,154,20,0,강수없음,60,적설없음,3,30.0,0.5,340,3.3,1.1,-3.1,,31.0
2023-08-25 15:00:00,155,20,0,강수없음,65,적설없음,3,29.0,0.5,345,3.5,0.9,-3.4,,29.0
2023-08-25 15:00:00,156,20,0,강수없음,65,적설없음,3,29.0,0.5,345,3.5,0.9,-3.4,,29.0
2023-08-25 15:00:00,157,20,0,강수없음,60,적설없음,3,30.0,0.5,340,3.3,1.1,-3.1,,31.0
2023-08-25 15:00:00,158,20,0,강수없음,60,적설없음,3,30.0,0.5,340,3.3,1.1,-3.1,,31.0
2023-08-25 15:00:00,159,20,0,강수없음,70,적설없음,3,29.0,0.0,339,3.1,1.1,-2.9,,30.0
2023-08-25 15:00:00,160,20,0,강수없음,70,적설없음,3,29.0,0.0,339,3.1,1.1,-2.9,,30.0
2023-08-25 15:00:00,161,20,0,강수없음,75,적설없음,3,27.0,0.0,345,2.8,0.7,-2.7,,28.0
2023-08-25 16:00:00,142,20,0,강수없음,65,적설없음,3,29.0,0.5,355,4.2,0.4,-4.2,,
2023-08-25 16:00:00,143,20,0,강수없음,65,적설없음,3,28.0,0.5,352,4.1,0.6,-4.1,,
2023-08-25 16:00:00,144,20,0,강수없음,75,적설없음,3,29.0,0.0,328,3.1,1.6,-2.6,,
2023-08-25 16:00:00,145,20,0,강수없음,70,적설없음,3,28.0,0.5,330,3.6,1.8,-3.1,,
2023-08-25 16:00:00,146,0,0,강수없음,70,적설없음,1,28.0,0.5,359,5.1,0.1,-5.1,,
2023-08-25 16:00:00,147,0,0,강수없음,75,적설없음,1,28.0,0.5,333,5.6,2.6,-5.0,,
2023-08-25 16:00:00,148,20,0,강수없음,75,적설없음,3,29.0,0.5,326,3.4,1.9,-2.8,,
2023-08-25 16:00:00,149,20,0,강수없음,60,적설없음,3,30.0,0.5,339,3.1,1.1,-2.9,,
2023-08-25 16:00:00,150,20,0,강수없음,60,적설없음,3,30.0,0.5,339,3.1,1.1,-2.9,,
2023-08-25 16:00:00,151,20,0,강수없음,60,적설없음,3,30.0,0.5,339,3.1,1.1,-2.9,,
2023-08-25 16:00:00,152,20,0,강수없음,60,적설없음,3,30.0,0.5,339,3.1,1.1,-2.9,,
2023-08-25 16:00:00,153,20,0,강수없음,60,적설없음,3,30.0,0.5,339,3.1,1.1,-2.9,,
2023-08-25 16:00:00,154,20,0,강수없음,60,적설없음,3,30.0,0.5,339,3.1,1.1,-2.9,,
2023-08-25 16:00:00,155,20,0,강수없음,65,적설없음,3,29.0,0.5,343,3.4,1.0,-3.3,,
2023-08-25 16:00:00,156,20,0,강수없음,65,적설없음,3,29.0,0.5,343,3.4,1.0,-3.3,,
2023-08-25 16:00:00,157,20,0,강수없음,60,적설없음,3,30.0,0.5,339,3.1,1.1,-2.9,,
2023-08-25 16:00:00,158,20,0,강수없음,60,적설없음,3,30.0,0.5,339,3.1,1.1,-2.9,,
2023-08-25 16:00:00,159,20,0,강수없음,65,적설없음,3,29.0,0.0,336,3.0,1.2,-2.7,,
2023-08-25 16:00:00,160,20,0,강수없음,65,적설없음,3,29.0,0.0,336,3.0,1.2,-2.7,,
2023-08-25 16:00:00,161,20,0,강수없음,75,적설없음,3,27.0,0.0,345,2.7,0.7,-2.6,,
2023-08-25 17:00:00,142,20,0,강수없음,70,적설없음,3,29.0,0.5,353,3.9,0.5,-3.9,,
2023-08-25 17:00:00,143,20,0,강수없음,70,적설없음,3,28.0,0.5,350,3.9,0.7,-3.8,,
2023-08-25 17:00:00,144,20,0,강수없음,75,적설없음,3,29.0,0.0,327,3.1,1.7,-2.6,,
2023-08-25 17:00:00,145,20,0,강수없음,70,적설없음,3,28.0,0.5,326,3.6,2.0,-3.0,,
2023-08-25 17:00:00,146,0,0,강수없음,70,적설없음,1,29.0,0.5,358,4.8,0.2,-4.8,,
2023-08-25 17:00:00,147,0,0,강수없음,75,적설없음,1,28.0,0.5,335,5.4,2.3,-4.9,,
2023-08-25 17:00:00,148,20,0,강수없음,75,적설없음,3,29.0,0.5,323,3.5,2.1,-2.8,,
2023-08-25 17:00:00,149,20,0,강수없음,60,적설없음,3,30.0,0.5,334,3.0,1.3,-2.7,,
2023-08-25 17:00:00,150,20,0,강수없음,60,적설없음,3,30.0,0.5,334,3.0,1.3,-2.7,,
2023-08-25 17:00:00,151,20,0,강수없음,60,적설없음,3,30.0,0.5,334,3.0,1.3,-2.7,,
2023-08-25 17:00:00,152,20,0,강수없음,60,적설없음,3,30.0,0.5,334,3.0,1.3,-2.7,,
2023-08-25 17:00:00,153,20,0,강수없음,60,적설없음,3,30.0,0.5,334,3.0,1.3,-2.7,,
2023-08-25 17:00:00,154,20,0,강수없음,60,적설없음,3,30.0,0.5,334,3.0,1.3,-2.7,,
2023-08-25 17:00:00,155,20,0,강수없음,65,적설없음,3,29.0,0.5,338,3.2,1.2,-3.0,,
2023-08-25 17:00:00,156,20,0,강수없음,65,적설없음,3,29.0,0.5,338,3.2,1.2,-3.0,,
2023-08-25 17:00:00,157,20,0,강수없음,60,적설없음,3,30.0,0.5,334,3.0,1.3,-2.7,,
2023-08-25 17:00:00,158,20,0,강수없음,60,적설없음,3,30.0,0.5,334,3.0,1.3,-2.7,,
2023-08-25 17:00:00,159,20,0,강수없음,70,적설없음,3,28.0,0.0,333,2.9,1.3,-2.6,,
2023-08-25 17:00:00,160,20,0,강수없음,70,적설없음,3,28.0,0.0,333,2.9,1.3,-2.6,,
2023-08-25 17:00:00,161,20,0,강수없음,75,적설없음,3,27.0,0.0,339,2.6,0.9,-2.4,,
2023-08-25 18:00:00,142,0,0,강수없음,70,적설없음,1,28.0,0.5,352,3.5,0.5,-3.5,,
2023-08-25 18:00:00,143,0,0,강수없음,70,적설없음,1,28.0,0.5,347,3.5,0.8,-3.4,,
2023-08-25 18:00:00,144,20,0,강수없음,75,적설없음,3,28.0,0.0,323,3.1,1.9,-2.5,,
2023-08-25 18:00:00,145,20,0,강수없음,70,적설없음,3,27.0,0.5,322,3.4,2.1,-2.7,,
2023-08-25 18:00:00,146,0,0,강수없음,70,적설없음,1,28.0,0.5,357,4.4,0.2,-4.4,,
2023-08-25 18:00:00,147,0,0,강수없음,80,적설없음,1,27.0,0.5,335,5.5,2.3,-5.0,,
2023-08-25 18:00:00,148,20,0,강수없음,75,적설없음,3,29.0,0.5,320,3.5,2.3,-2.7,,
2023-08-25 18:00:00,149,20,0,강수없음,65,적설없음,3,29.0,0.5,330,2.8,1.4,-2.4,,
2023-08-25 18:00:00,150,20,0,강수없음,65,적설없음,3,29.0,0.5,330,2.8,1.4,-2.4,,
2023-08-25 18:00:00,151,20,0,강수없음,65,적설없음,3,29.0,0.5,330,2.8,1.4,-2.4,,
2023-08-25 18:00:00,152,20,0,강수없음,65,적설없음,3,29.0,0.5,330,2.8,1.4,-2.4,,
2023-08-25 18:00:00,153,20,0,강수없음,65,적설없음,3,29.0,0.5,330,2.8,1.4,-2.4,,
2023-08-25 18:00:00,154,20,0,강수없음,65,적설없음,3,29.0,0.5,330,2.8,1.4,-2.4,,
2023-08-25 18:00:00,155,20,0,강수없음,70,적설없음,3,28.0,0.5,334,3.0,1.3,-2.7,,
2023-08-25 18:00:00,156,20,0,강수없음,70,적설없음,3,28.0,0.5,334,3.0,1.3,-2.7,,
2023-08-25 18:00:00,157,20,0,강수없음,65,적설없음,3,29.0,0.5,330,2.8,1.4,-2.4,,
2023-08-25 18:00:00,158,20,0,강수없음,65,적설없음,3,29.0,0.5,330,2.8,1.4,-2.4,,
2023-08-25 18:00:00,159,20,0,강수없음,70,적설없음,3,28.0,0.0,327,2.7,1.5,-2.3,,
2023-08-25 18:00:00,160,20,0,강수없음,70,적설없음,3,28.0,0.0,327,2.7,1.5,-2.3,,
2023-08-25 18:00:00,161,20,0,강수없음,75,적설없음,3,26.0,0.0,332,2.4,1.1,-2.1,,
2023-08-25 19:00:00,142,0,0,강수없음,75,적설없음,1,27.0,0.5,353,2.6,0.3,-2.6,,
2023-08-25 19:00:00,143,0,0,강수없음,75,적설없음,1,27.0,0.5,350,2.8,0.5,-2.8,,
2023-08-25 19:00:00,144,20,0,강수없음,85,적설없음,3,27.0,0.0,320,2.6,1.7,-2.0,,
2023-08-25 19:00:00,145,0,0,강수없음,75,적설없음,1,26.0,0.5,319,3.0,2.0,-2.3,,
2023-08-25 19:00:00,146,0,0,강수없음,75,적설없음,1,27.0,0.5,360,3.7,0.0,-3.7,,
2023-08-25 19:00:00,147,0,0,강수없음,80,적설없음,1,26.0,0.5,340,5.4,1.9,-5.1,,
2023-08-25 19:00:00,148,20,0,강수없음,80,적설없음,3,28.0,0.5,317,3.4,2.3,-2.5,,
2023-08-25 19:00:00,149,20,0,강수없음,65,적설없음,3,28.0,0.5,326,2.2,1.2,-1.8,,
2023-08-25 19:00:00,150,20,0,강수없음,65,적설없음,3,28.0,0.5,326,2.2,1.2,-1.8,,
2023-08-25 19:00:00,151,20,0,강수없음,65,적설없음,3,28.0,0.5,326,2.2,1.2,-1.8,,
2023-08-25 19:00:00,152,20,0,강수없음,65,적설없음,3,28.0,0.5,326,2.2,1.2,-1.8,,
2023-08-25 19:00:00,153,20,0,강수없음,65,적설없음,3,28.0,0.5,326,2.2,1.2,-1.8,,
2023-08-25 19:00:00,154,20,0,강수없음,65,적설없음,3,28.0,0.5,326,2.2,1.2,-1.8,,
2023-08-25 19:00:00,155,20,0,강수없음,70,적설없음,3,28.0,0.5,332,2.4,1.1,-2.1,,
2023-08-25 19:00:00,156,20,0,강수없음,70,적설없음,3,28.0,0.5,332,2.4,1.1,-2.1,,
2023-08-25 19:00:00,157,20,0,강수없음,65,적설없음,3,28.0,0.5,326,2.2,1.2,-1.8,,
2023-08-25 19:00:00,158,20,0,강수없음,65,적설없음,3,28.0,0.5,326,2.2,1.2,-1.8,,
2023-08-25 19:00:00,159,20,0,강수없음,75,적설없음,3,26.0,0.0,325,2.1,1.2,-1.7,,
2023-08-25 19:00:00,160,20,0,강수없음,75,적설없음,3,26.0,0.0,325,2.1,1.2,-1.7,,
2023-08-25 19:00:00,161,20,0,강수없음,80,적설없음,3,24.0,0.0,331,1.8,0.9,-1.6,,
2023-08-25 20:00:00,142,0,0,강수없음,80,적설없음,1,26.0,0.5,360,2.2,0.0,-2.2,,
2023-08-25 20:00:00,143,0,0,강수없음,75,적설없음,1,26.0,0.5,358,2.3,0.1,-2.3,,
2023-08-25 20:00:00,144,20,0,강수없음,85,적설없음,3,26.0,0.0,317,2.5,1.7,-1.8,,
2023-08-25 20:00:00,145,0,0,강수없음,80,적설없음,1,26.0,0.5,318,2.5,1.7,-1.9,,
2023-08-25 20:00:00,146,0,0,강수없음,75,적설없음,1,26.0,0.5,9,3.2,-0.4,-3.2,,
2023-08-25 20:00:00,147,0,0,강수없음,80,적설없음,1,26.0,0.5,344,5.1,1.4,-4.9,,
2023-08-25 20:00:00,148,20,0,강수없음,85,적설없음,3,27.0,0.5,315,3.3,2.3,-2.3,,
2023-08-25 20:00:00,149,20,0,강수없음,70,적설없음,3,28.0,0.5,327,1.7,0.9,-1.4,,
2023-08-25 20:00:00,150,20,0,강수없음,70,적설없음,3,28.0,0.5,327,1.7,0.9,-1.4,,
2023-08-25 20:00:00,151,20,0,강수없음,70,적설없음,3,28.0,0.5,327,1.7,0.9,-1.4,,
2023-08-25 20:00:00,152,20,0,강수없음,70,적설없음,3,28.0,0.5,327,1.7,0.9,-1.4,,
2023-08-25 20:00:00,153,20,0,강수없음,70,적설없음,3,28.0,0.5,327,1.7,0.9,-1.4,,
2023-08-25 20:00:00,154,20,0,강수없음,70,적설없음,3,28.0,0.5,327,1.7,0.9,-1.4,,
2023-08-25 20:00:00,155,0,0,강수없음,75,적설없음,1,27.0,0.5,336,1.7,0.7,-1.6,,
2023-08-25 20:00:00,156,0,0,강수없음,75,적설없음,1,27.0,0.5,336,1.7,0.7,-1.6,,
2023-08-25 20:00:00,157,20,0,강수없음,70,적설없음,3,28.0,0.5,327,1.7,0.9,-1.4,,
2023-08-25 20:00:00,158,20,0,강수없음,70,적설없음,3,28.0,0.5,327,1.7,0.9,-1.4,,
2023-08-25 20:00:00,159,20,0,강수없음,80,적설없음,3,25.0,0.0,322,1.6,1.0,-1.3,,
2023-08-25 20:00:00,160,20,0,강수없음,80,적설없음,3,25.0,0.0,322,1.6,1.0,-1.3,,
2023-08-25 20:00:00,161,20,0,강수없음,85,적설없음,3,23.0,0.0,330,1.4,0.7,-1.2,,
2023-08-25 21:00:00,142,0,0,강수없음,80,적설없음,1,26.0,0.5,3,2.0,0.0,-2.0,,
2023-08-25 21:00:00,143,0,0,강수없음,80,적설없음,1,25.0,0.5,357,2.0,0.1,-2.0,,
2023-08-25 21:00:00,144,0,0,강수없음,90,적설없음,1,26.0,0.0,313,2.5,1.8,-1.7,,
2023-08-25 21:00:00,145,0,0,강수없음,80,적설없음,1,25.0,0.5,315,2.5,1.8,-1.8,,
2023-08-25 21:00:00,146,0,0,강수없음,80,적설없음,1,26.0,0.5,11,3.1,-0.5,-3.0,,
2023-08-25 21:00:00,147,0,0,강수없음,80,적설없음,1,26.0,0.5,347,4.8,1.1,-4.7,,
2023-08-25 21:00:00,148,0,0,강수없음,85,적설없음,1,27.0,0.5,313,3.3,2.4,-2.2,,
2023-08-25 21:00:00,149,20,0,강수없음,70,적설없음,3,27.0,0.5,320,1.6,1.0,-1.2,,
2023-08-25 21:00:00,150,20,0,강수없음,70,적설없음,3,27.0,0.5,320,1.6,1.0,-1.2,,
2023-08-25 21:00:00,151,20,0,강수없음,70,적설없음,3,27.0,0.5,320,1.6,1.0,-1.2,,
2023-08-25 21:00:00,152,20,0,강수없음,70,적설없음,3,27.0,0.5,320,1.6,1.0,-1.2,,
2023-08-25 21:00:00,153,20,0,강수없음,70,적설없음,3,27.0,0.5,320,1.6,1.0,-1.2,,
2023-08-25 21:00:00,154,20,0,강수없음,70,적설없음,3,27.0,0.5,320,1.6,1.0,-1.2,,
2023-08-25 21:00:00,155,20,0,강수없음,75,적설없음,3,27.0,0.5,333,1.6,0.7,-1.4,,
2023-08-25 21:00:00,156,20,0,강수없음,75,적설없음,3,27.0,0.5,333,1.6,0.7,-1.4,,
2023-08-25 21:00:00,157,20,0,강수없음,70,적설없음,3,27.0,0.5,320,1.6,1.0,-1.2,,
2023-08-25 21:00:00,158,20,0,강수없음,70,적설없음,3,27.0,0.5,320,1.6,1.0,-1.2,,
2023-08-25 21:00:00,159,20,0,강수없음,85,적설없음,3,25.0,0.0,317,1.6,1.1,-1.2,,
2023-08-25 21:00:00,160,20,0,강수없음,85,적설없음,3,25.0,0.0,317,1.6,1.1,-1.2,,
2023-08-25 21:00:00,161,20,0,강수없음,85,적설없음,3,22.0,0.0,324,1.4,0.8,-1.1,,
2023-08-25 22:00:00,142,0,0,강수없음,80,적설없음,1,25.0,0.5,13,1.8,-0.3,-1.8,,
2023-08-25 22:00:00,143,0,0,강수없음,80,적설없음,1,25.0,0.5,6,1.8,-0.1,-1.8,,
2023-08-25 22:00:00,144,0,0,강수없음,90,적설없음,1,25.0,0.0,312,2.5,1.9,-1.7,,
2023-08-25 22:00:00,145,0,0,강수없음,80,적설없음,1,25.0,0.5,317,2.3,1.6,-1.7,,
2023-08-25 22:00:00,146,0,0,강수없음,80,적설없음,1,26.0,0.5,19,2.8,-0.8,-2.6,,
2023-08-25 22:00:00,147,0,0,강수없음,85,적설없음,1,26.0,0.5,353,4.6,0.6,-4.6,,
2023-08-25 22:00:00,148,0,0,강수없음,85,적설없음,1,27.0,0.5,313,3.4,2.5,-2.3,,
2023-08-25 22:00:00,149,0,0,강수없음,70,적설없음,1,27.0,0.5,324,1.4,0.8,-1.1,,
2023-08-25 22:00:00,150,0,0,강수없음,70,적설없음,1,27.0,0.5,324,1.4,0.8,-1.1,,
2023-08-25 22:00:00,151,0,0,강수없음,70,적설없음,1,27.0,0.5,324,1.4,0.8,-1.1,,
2023-08-25 22:00:00,152,0,0,강수없음,70,적설없음,1,27.0,0.5,324,1.4,0.8,-1.1,,
2023-08-25 22:00:00,153,0,0,강수없음,70,적설없음,1,27.0,0.5,324,1.4,0.8,-1.1,,
2023-08-25 22:00:00,154,0,0,강수없음,70,적설없음,1,27.0,0.5,324,1.4,0.8,-1.1,,
2023-08-25 22:00:00,155,0,0,강수없음,75,적설없음,1,26.0,0.5,333,1.3,0.6,-1.2,,
2023-08-25 22:00:00,156,0,0,강수없음,75,적설없음,1,26.0,0.5,333,1.3,0.6,-1.2,,
2023-08-25 22:00:00,157,0,0,강수없음,70,적설없음,1,27.0,0.5,324,1.4,0.8,-1.1,,
2023-08-25 22:00:00,158,0,0,강수없음,70,적설없음,1,27.0,0.5,324,1.4,0.8,-1.1,,
2023-08-25 22:00:00,159,0,0,강수없음,85,적설없음,1,24.0,0.0,318,1.5,1.0,-1.1,,
2023-08-25 22:00:00,160,0,0,강수없음,85,적설없음,1,24.0,0.0,318,1.5,1.0,-1.1,,
2023-08-25 22:00:00,161,0,0,강수없음,90,적설없음,1,22.0,0.0,325,1.2,0.7,-1.0,,
2023-08-25 23:00:00,142,0,0,강수없음,85,적설없음,1,25.0,0.5,6,1.8,-0.1,-1.8,,
2023-08-25 23:00:00,143,0,0,강수없음,80,적설없음,1,25.0,0.5,360,1.8,0.0,-1.8,,
2023-08-25 23:00:00,144,0,0,강수없음,90,적설없음,1,25.0,0.0,317,2.5,1.7,-1.8,,
2023-08-25 23:00:00,145,0,0,강수없음,80,적설없음,1,25.0,0.5,318,2.4,1.6,-1.8,,
2023-08-25 23:00:00,146,0,0,강수없음,80,적설없음,1,26.0,0.5,13,2.7,-0.5,-2.6,,
2023-08-25 23:00:00,147,0,0,강수없음,85,적설없음,1,26.0,0.5,352,4.4,0.6,-4.4,,
2023-08-25 23:00:00,148,0,0,강수없음,85,적설없음,1,26.0,0.5,317,3.3,2.2,-2.4,,
2023-08-25 23:00:00,149,0,0,강수없음,75,적설없음,1,27.0,0.5,321,1.4,0.9,-1.1,,
2023-08-25 23:00:00,150,0,0,강수없음,75,적설없음,1,27.0,0.5,321,1.4,0.9,-1.1,,
2023-08-25 23:00:00,151,0,0,강수없음,75,적설없음,1,27.0,0.5,321,1.4,0.9,-1.1,,
2023-08-25 23:00:00,152,0,0,강수없음,75,적설없음,1,27.0,0.5,321,1.4,0.9,-1.1,,
2023-08-25 23:00:00,153,0,0,강수없음,75,적설없음,1,27.0,0.5,321,1.4,0.9,-1.1,,
2023-08-25 23:00:00,154,0,0,강수없음,75,적설없음,1,27.0,0.5,321,1.4,0.9,-1.1,,
2023-08-25 23:00:00,155,0,0,강수없음,80,적설없음,1,26.0,0.5,330,1.4,0.7,-1.2,,
2023-08-25 23:00:00,156,0,0,강수없음,80,적설없음,1,26.0,0.5,330,1.4,0.7,-1.2,,
2023-08-25 23:00:00,157,0,0,강수없음,75,적설없음,1,27.0,0.5,321,1.4,0.9,-1.1,,
2023-08-25 23:00:00,158,0,0,강수없음,75,적설없음,1,27.0,0.5,321,1.4,0.9,-1.1,,
2023-08-25 23:00:00,159,0,0,강수없음,85,적설없음,1,24.0,0.0,318,1.5,1.0,-1.1,,
2023-08-25 23:00:00,160,0,0,강수없음,85,적설없음,1,24.0,0.0,318,1.5,1.0,-1.1,,
2023-08-25 23:00:00,161,0,0,강수없음,85,적설없음,1,22.0,0.0,325,1.2,0.7,-1.0,,
2023-08-26 00:00:00,142,0,0,강수없음,85,적설없음,1,25.0,0.5,10,1.7,-0.2,-1.7,,
2023-08-26 00:00:00,143,0,0,강수없음,80,적설없음,1,24.0,0.5,360,1.8,0.0,-1.8,,
2023-08-26 00:00:00,144,0,0,강수없음,90,적설없음,1,25.0,0.0,320,2.3,1.5,-1.8,,
2023-08-26 00:00:00,145,0,0,강수없음,85,적설없음,1,24.0,0.5,320,2.3,1.5,-1.8,,
2023-08-26 00:00:00,146,0,0,강수없음,80,적설없음,1,25.0,0.5,13,2.6,-0.5,-2.5,,
2023-08-26 00:00:00,147,0,0,강수없음,85,적설없음,1,25.0,0.5,353,4.6,0.6,-4.6,,
2023-08-26 00:00:00,148,0,0,강수없음,85,적설없음,1,26.0,0.5,321,3.2,2.0,-2.5,,
2023-08-26 00:00:00,149,0,0,강수없음,75,적설없음,1,26.0,0.5,321,1.4,0.9,-1.1,,
2023-08-26 00:00:00,150,0,0,강수없음,75,적설없음,1,26.0,0.5,321,1.4,0.9,-1.1,,
2023-08-26 00:00:00,151,0,0,강수없음,75,적설없음,1,26.0,0.5,321,1.4,0.9,-1.1,,
2023-08-26 00:00:00,152,0,0,강수없음,75,적설없음,1,26.0,0.5,321,1.4,0.9,-1.1,,
2023-08-26 00:00:00,153,0,0,강수없음,75,적설없음,1,26.0,0.5,321,1.4,0.9,-1.1,,
2023-08-26 00:00:00,154,0,0,강수없음,75,적설없음,1,26.0,0.5,321,1.4,0.9,-1.1,,
2023-08-26 00:00:00,155,0,0,강수없음,80,적설없음,1,26.0,0.5,330,1.4,0.7,-1.2,,
2023-08-26 00:00:00,156,0,0,강수없음,80,적설없음,1,26.0,0.5,330,1.4,0.7,-1.2,,
2023-08-26 00:00:00,157,0,0,강수없음,75,적설없음,1,26.0,0.5,321,1.4,0.9,-1.1,,
2023-08-26 00:00:00,158,0,0,강수없음,75,적설없음,1,26.0,0.5,321,1.4,0.9,-1.1,,
2023-08-26 00:00:00,159,0,0,강수없음,85,적설없음,1,24.0,0.0,318,1.5,1.0,-1.1,,
2023-08-26 00:00:00,160,0,0,강수없음,85,적설없음,1,24.0,0.0,318,1.5,1.0,-1.1,,
2023-08-26 00:00:00,161,0,0,강수없음,85,적설없음,1,22.0,0.0,325,1.2,0.7,-1.0,,
2023-08-26 01:00:00,142,20,0,강수없음,85,적설없음,3,25.0,0.5,13,1.8,-0.3,-1.8,,
2023-08-26 01:00:00,143,20,0,강수없음,80,적설없음,3,24.0,0.5,6,1.9,-0.1,-1.9,,
2023-08-26 01:00:00,144,20,0,강수없음,90,적설없음,3,24.0,0.0,323,2.5,1.5,-2.0,,
2023-08-26 01:00:00,145,20,0,강수없음,85,적설없음,3,24.0,0.5,324,2.6,1.5,-2.1,,
2023-08-26 01:00:00,146,20,0,강수없음,80,적설없음,3,25.0,0.5,17,2.8,-0.7,-2.7,,
2023-08-26 01:00:00,147,0,0,강수없음,85,적설없음,1,25.0,0.5,357,5.0,0.3,-5.0,,
2023-08-26 01:00:00,148,20,0,강수없음,90,적설없음,3,26.0,0.5,326,3.4,1.9,-2.8,,
2023-08-26 01:00:00,149,20,0,강수없음,75,적설없음,3,26.0,0.5,326,1.4,0.8,-1.2,,
2023-08-26 01:00:00,150,20,0,강수없음,75,적설없음,3,26.0,0.5,326,1.4,0.8,-1.2,,
2023-08-26 01:00:00,151,20,0,강수없음,75,적설없음,3,26.0,0.5,326,1.4,0.8,-1.2,,
2023-08-26 01:00:00,152,20,0,강수없음,75,적설없음,3,26.0,0.5,326,1.4,0.8,-1.2,,
2023-08-26 01:00:00,153,20,0,강수없음,75,적설없음,3,26.0,0.5,326,1.4,0.8,-1.2,,
2023-08-26 01:00:00,154,20,0,강수없음,75,적설없음,3,26.0,0.5,326,1.4,0.8,-1.2,,
2023-08-26 01:00:00,155,20,0,강수없음,80,적설없음,3,25.0,0.5,337,1.5,0.6,-1.4,,
2023-08-26 01:00:00,156,20,0,강수없음,80,적설없음,3,25.0,0.5,337,1.5,0.6,-1.4,,
2023-08-26 01:00:00,157,20,0,강수없음,75,적설없음,3,26.0,0.5,326,1.4,0.8,-1.2,,
2023-08-26 01:00:00,158,20,0,강수없음,75,적설없음,3,26.0,0.5,326,1.4,0.8,-1.2,,
2023-08-26 01:00:00,159,20,0,강수없음,85,적설없음,3,24.0,0.0,322,1.6,1.0,-1.3,,
2023-08-26 01:00:00,160,20,0,강수없음,85,적설없음,3,24.0,0.0,322,1.6,1.0,-1.3,,
2023-08-26 01:00:00,161,20,0,강수없음,90,적설없음,3,22.0,0.0,330,1.4,0.7,-1.2,,
2023-08-26 02:00:00,142,20,0,강수없음,85,적설없음,3,24.0,0.5,21,1.9,-0.6,-1.8,,
2023-08-26 02:00:00,143,20,0,강수없음,85,적설없음,3,24.0,0.5,18,2.0,-0.5,-1.9,,
2023-08-26 02:00:00,144,20,0,강수없음,90,적설없음,3,24.0,0.0,328,2.5,1.3,-2.1,,
2023-08-26 02:00:00,145,20,0,강수없음,85,적설없음,3,24.0,0.5,332,2.4,1.1,-2.1,,
2023-08-26 02:00:00,146,20,0,강수없음,85,적설없음,3,25.0,0.5,22,2.9,-1.0,-2.7,,
2023-08-26 02:00:00,147,0,0,강수없음,85,적설없음,1,25.0,0.5,4,4.9,-0.2,-4.9,,
2023-08-26 02:00:00,148,0,0,강수없음,90,적설없음,1,26.0,0.5,329,3.3,1.7,-2.8,,
2023-08-26 02:00:00,149,20,0,강수없음,75,적설없음,3,26.0,0.5,339,1.4,0.5,-1.3,,
2023-08-26 02:00:00,150,20,0,강수없음,75,적설없음,3,26.0,0.5,339,1.4,0.5,-1.3,,
2023-08-26 02:00:00,151,20,0,강수없음,75,적설없음,3,26.0,0.5,339,1.4,0.5,-1.3,,
2023-08-26 02:00:00,152,20,0,강수없음,75,적설없음,3,26.0,0.5,339,1.4,0.5,-1.3,,
2023-08-26 02:00:00,153,20,0,강수없음,75,적설없음,3,26.0,0.5,339,1.4,0.5,-1.3,,
2023-08-26 02:00:00,154,20,0,강수없음,75,적설없음,3,26.0,0.5,339,1.4,0.5,-1.3,,
2023-08-26 02:00:00,155,20,0,강수없음,80,적설없음,3,25.0,0.5,352,1.4,0.2,-1.4,,
2023-08-26 02:00:00,156,20,0,강수없음,80,적설없음,3,25.0,0.5,352,1.4,0.2,-1.4,,
2023-08-26 02:00:00,157,20,0,강수없음,75,적설없음,3,26.0,0.5,339,1.4,0.5,-1.3,,
2023-08-26 02:00:00,158,20,0,강수없음,75,적설없음,3,26.0,0.5,339,1.4,0.5,-1.3,,
2023-08-26 02:00:00,159,20,0,강수없음,85,적설없음,3,23.0,0.0,332,1.5,0.7,-1.3,,
2023-08-26 02:00:00,160,20,0,강수없음,85,적설없음,3,23.0,0.0,332,1.5,0.7,-1.3,,
2023-08-26 02:00:00,161,20,0,강수없음,90,적설없음,3,21.0,0.0,342,1.3,0.4,-1.2,,
2023-08-26 03:00:00,142,0,0,강수없음,85,적설없음,1,24.0,0.5,30,2.0,-0.9,-1.7,,
2023-08-26 03:00:00,143,0,0,강수없음,80,적설없음,1,24.0,0.5,25,2.1,-0.8,-1.9,,
2023-08-26 03:00:00,144,0,0,강수없음,95,적설없음,1,24.0,0.0,332,2.1,1.0,-1.9,,
2023-08-26 03:00:00,145,20,0,강수없음,85,적설없음,3,24.0,0.5,341,2.1,0.7,-2.0,,
2023-08-26 03:00:00,146,0,0,강수없음,85,적설없음,1,25.0,0.5,29,2.9,-1.3,-2.5,,
2023-08-26 03:00:00,147,0,0,강수없음,85,적설없음,1,25.0,0.5,12,5.0,-0.9,-4.9,,
2023-08-26 03:00:00,148,0,0,강수없음,90,적설없음,1,26.0,0.5,333,2.9,1.3,-2.6,,
2023-08-26 03:00:00,149,20,0,강수없음,75,적설없음,3,26.0,0.5,351,1.2,0.2,-1.2,,
2023-08-26 03:00:00,150,20,0,강수없음,75,적설없음,3,26.0,0.5,351,1.2,0.2,-1.2,,
2023-08-26 03:00:00,151,20,0,강수없음,75,적설없음,3,26.0,0.5,351,1.2,0.2,-1.2,,
2023-08-26 03:00:00,152,20,0,강수없음,75,적설없음,3,26.0,0.5,351,1.2,0.2,-1.2,,
2023-08-26 03:00:00,153,20,0,강수없음,75,적설없음,3,26.0,0.5,351,1.2,0.2,-1.2,,
2023-08-26 03:00:00,154,20,0,강수없음,75,적설없음,3,26.0,0.5,351,1.2,0.2,-1.2,,
2023-08-26 03:00:00,155,20,0,강수없음,80,적설없음,3,25.0,0.5,4,1.4,0.0,-1.4,,
2023-08-26 03:00:00,156,20,0,강수없음,80,적설없음,3,25.0,0.5,4,1.4,0.0,-1.4,,
2023-08-26 03:00:00,157,20,0,강수없음,75,적설없음,3,26.0,0.5,351,1.2,0.2,-1.2,,
2023-08-26 03:00:00,158,20,0,강수없음,75,적설없음,3,26.0,0.5,351,1.2,0.2,-1.2,,
2023-08-26 03:00:00,159,20,0,강수없음,90,적설없음,3,23.0,0.0,342,1.3,0.4,-1.2,,
2023-08-26 03:00:00,160,20,0,강수없음,90,적설없음,3,23.0,0.0,342,1.3,0.4,-1.2,,
2023-08-26 03:00:00,161,20,0,강수없음,90,적설없음,3,21.0,0.0,355,1.1,0.1,-1.1,,
2023-08-26 04:00:00,142,20,0,강수없음,90,적설없음,3,24.0,0.5,23,2.3,-0.8,-2.1,,
2023-08-26 04:00:00,143,20,0,강수없음,85,적설없음,3,24.0,0.5,23,2.6,-0.9,-2.4,,
2023-08-26 04:00:00,144,0,0,강수없음,90,적설없음,1,24.0,0.0,335,2.1,0.9,-1.9,,
2023-08-26 04:00:00,145,20,0,강수없음,85,적설없음,3,24.0,0.5,345,2.3,0.6,-2.2,,
2023-08-26 04:00:00,146,0,0,강수없음,85,적설없음,1,25.0,0.5,26,3.2,-1.3,-2.9,,
2023-08-26 04:00:00,147,0,0,강수없음,85,적설없음,1,25.0,0.5,10,5.3,-0.8,-5.2,,
2023-08-26 04:00:00,148,0,0,강수없음,90,적설없음,1,26.0,0.5,335,2.9,1.2,-2.6,,
2023-08-26 04:00:00,149,20,0,강수없음,75,적설없음,3,25.0,0.5,356,1.5,0.1,-1.5,,
2023-08-26 04:00:00,150,20,0,강수없음,75,적설없음,3,25.0,0.5,356,1.5,0.1,-1.5,,
2023-08-26 04:00:00,151,20,0,강수없음,75,적설없음,3,25.0,0.5,356,1.5,0.1,-1.5,,
2023-08-26 04:00:00,152,20,0,강수없음,75,적설없음,3,25.0,0.5,356,1.5,0.1,-1.5,,
2023-08-26 04:00:00,153,20,0,강수없음,75,적설없음,3,25.0,0.5,356,1.5,0.1,-1.5,,
2023-08-26 04:00:00,154,20,0,강수없음,75,적설없음,3,25.0,0.5,356,1.5,0.1,-1.5,,
2023-08-26 04:00:00,155,20,0,강수없음,80,적설없음,3,25.0,0.5,7,1.7,-0.1,-1.7,,
2023-08-26 04:00:00,156,20,0,강수없음,80,적설없음,3,25.0,0.5,7,1.7,-0.1,-1.7,,
2023-08-26 04:00:00,157,20,0,강수없음,75,적설없음,3,25.0,0.5,356,1.5,0.1,-1.5,,
2023-08-26 04:00:00,158,20,0,강수없음,75,적설없음,3,25.0,0.5,356,1.5,0.1,-1.5,,
2023-08-26 04:00:00,159,20,0,강수없음,90,적설없음,3,23.0,0.0,348,1.4,0.3,-1.4,,
2023-08-26 04:00:00,160,20,0,강수없음,90,적설없음,3,23.0,0.0,348,1.4,0.3,-1.4,,
2023-08-26 04:00:00,161,20,0,강수없음,90,적설없음,3,21.0,0.0,360,1.3,0.0,-1.3,,
2023-08-26 05:00:00,142,0,0,강수없음,90,적설없음,1,24.0,0.5,22,2.7,-0.9,-2.5,,
2023-08-26 05:00:00,143,20,0,강수없음,85,적설없음,3,24.0,0.5,20,2.9,-0.9,-2.7,,
2023-08-26 05:00:00,144,0,0,강수없음,90,적설없음,1,24.0,0.0,333,2.2,1.0,-2.0,,
2023-08-26 05:00:00,145,20,0,강수없음,85,적설없음,3,24.0,0.5,344,2.5,0.7,-2.4,,
2023-08-26 05:00:00,146,0,0,강수없음,85,적설없음,1,25.0,0.5,24,3.7,-1.4,-3.4,,
2023-08-26 05:00:00,147,0,0,강수없음,85,적설없음,1,25.0,0.5,10,5.5,-0.9,-5.4,,
2023-08-26 05:00:00,148,0,0,강수없음,90,적설없음,1,25.0,0.5,334,3.0,1.3,-2.7,,
2023-08-26 05:00:00,149,20,0,강수없음,75,적설없음,3,25.0,0.5,356,1.6,0.1,-1.6,,
2023-08-26 05:00:00,150,20,0,강수없음,75,적설없음,3,25.0,0.5,356,1.6,0.1,-1.6,,
2023-08-26 05:00:00,151,20,0,강수없음,75,적설없음,3,25.0,0.5,356,1.6,0.1,-1.6,,
2023-08-26 05:00:00,152,20,0,강수없음,75,적설없음,3,25.0,0.5,356,1.6,0.1,-1.6,,
2023-08-26 05:00:00,153,20,0,강수없음,75,적설없음,3,25.0,0.5,356,1.6,0.1,-1.6,,
2023-08-26 05:00:00,154,20,0,강수없음,75,적설없음,3,25.0,0.5,356,1.6,0.1,-1.6,,
2023-08-26 05:00:00,155,20,0,강수없음,85,적설없음,3,24.0,0.5,6,1.9,-0.1,-1.9,,
2023-08-26 05:00:00,156,20,0,강수없음,85,적설없음,3,24.0,0.5,6,1.9,-0.1,-1.9,,
2023-08-26 05:00:00,157,20,0,강수없음,75,적설없음,3,25.0,0.5,356,1.6,0.1,-1.6,,
2023-08-26 05:00:00,158,20,0,강수없음,75,적설없음,3,25.0,0.5,356,1.6,0.1,-1.6,,
2023-08-26 05:00:00,159,20,0,강수없음,90,적설없음,3,23.0,0.0,345,1.6,0.4,-1.5,,
2023-08-26 05:00:00,160,20,0,강수없음,90,적설없음,3,23.0,0.0,345,1.6,0.4,-1.5,,
2023-08-26 05:00:00,161,20,0,강수없음,90,적설없음,3,21.0,0.0,360,1.5,0.0,-1.5,,
2023-08-26 06:00:00,142,0,0,강수없음,90,적설없음,1,24.0,0.5,27,2.9,-1.2,-2.6,23.0,
2023-08-26 06:00:00,143,0,0,강수없음,85,적설없음,1,24.0,0.5,27,3.1,-1.3,-2.8,24.0,
2023-08-26 06:00:00,144,20,0,강수없음,90,적설없음,3,24.0,0.0,333,2.2,1.0,-2.0,24.0,
2023-08-26 06:00:00,145,0,0,강수없음,90,적설없음,1,24.0,0.5,348,2.5,0.5,-2.4,24.0,
2023-08-26 06:00:00,146,0,0,강수없음,85,적설없음,1,24.0,0.5,27,4.0,-1.7,-3.6,23.0,
2023-08-26 06:00:00,147,0,0,강수없음,85,적설없음,1,25.0,0.5,14,5.8,-1.3,-5.6,24.0,
2023-08-26 06:00:00,148,20,0,강수없음,90,적설없음,3,25.0,0.5,336,3.0,1.2,-2.7,25.0,
2023-08-26 06:00:00,149,20,0,강수없음,75,적설없음,3,25.0,0.5,3,1.7,0.0,-1.7,25.0,
2023-08-26 06:00:00,150,20,0,강수없음,75,적설없음,3,25.0,0.5,3,1.7,0.0,-1.7,25.0,
2023-08-26 06:00:00,151,20,0,강수없음,75,적설없음,3,25.0,0.5,3,1.7,0.0,-1.7,25.0,
2023-08-26 06:00:00,152,20,0,강수없음,75,적설없음,3,25.0,0.5,3,1.7,0.0,-1.7,25.0,
2023-08-26 06:00:00,153,20,0,강수없음,75,적설없음,3,25.0,0.5,3,1.7,0.0,-1.7,25.0,
2023-08-26 06:00:00,154,20,0,강수없음,75,적설없음,3,25.0,0.5,3,1.7,0.0,-1.7,25.0,
2023-08-26 06:00:00,155,0,0,강수없음,80,적설없음,1,24.0,0.5,15,2.0,-0.4,-1.9,24.0,
2023-08-26 06:00:00,156,0,0,강수없음,80,적설없음,1,24.0,0.5,15,2.0,-0.4,-1.9,24.0,
2023-08-26 06:00:00,157,20,0,강수없음,75,적설없음,3,25.0,0.5,3,1.7,0.0,-1.7,25.0,
2023-08-26 06:00:00,158,20,0,강수없음,75,적설없음,3,25.0,0.5,3,1.7,0.0,-1.7,25.0,
2023-08-26 06:00:00,159,20,0,강수없음,90,적설없음,3,23.0,0.0,353,1.6,0.2,-1.6,23.0,
2023-08-26 06:00:00,160,20,0,강수없음,90,적설없음,3,23.0,0.0,353,1.6,0.2,-1.6,23.0,
2023-08-26 06:00:00,161,20,0,강수없음,90,적설없음,3,21.0,0.0,8,1.5,-0.1,-1.5,21.0,
2023-08-26 07:00:00,142,0,0,강수없음,85,적설없음,1,25.0,0.5,27,3.0,-1.3,-2.7,,
2023-08-26 07:00:00,143,0,0,강수없음,80,적설없음,1,25.0,0.5,28,3.4,-1.5,-3.0,,
2023-08-26 07:00:00,144,0,0,강수없음,90,적설없음,1,25.0,0.0,338,2.2,0.8,-2.0,,
2023-08-26 07:00:00,145,20,0,강수없음,85,적설없음,3,25.0,0.5,353,2.4,0.3,-2.4,,
2023-08-26 07:00:00,146,0,0,강수없음,80,적설없음,1,25.0,0.5,27,4.2,-1.8,-3.7,,
2023-08-26 07:00:00,147,0,0,강수없음,85,적설없음,1,26.0,0.5,22,5.8,-2.1,-5.4,,
2023-08-26 07:00:00,148,20,0,강수없음,85,적설없음,3,26.0,0.5,341,2.8,0.9,-2.6,,
2023-08-26 07:00:00,149,20,0,강수없음,75,적설없음,3,25.0,0.5,9,1.8,-0.2,-1.8,,
2023-08-26 07:00:00,150,20,0,강수없음,75,적설없음,3,25.0,0.5,9,1.8,-0.2,-1.8,,
2023-08-26 07:00:00,151,20,0,강수없음,75,적설없음,3,25.0,0.5,9,1.8,-0.2,-1.8,,
2023-08-26 07:00:00,152,20,0,강수없음,75,적설없음,3,25.0,0.5,9,1.8,-0.2,-1.8,,
2023-08-26 07:00:00,153,20,0,강수없음,75,적설없음,3,25.0,0.5,9,1.8,-0.2,-1.8,,
2023-08-26 07:00:00,154,20,0,강수없음,75,적설없음,3,25.0,0.5,9,1.8,-0.2,-1.8,,
2023-08-26 07:00:00,155,20,0,강수없음,80,적설없음,3,25.0,0.5,18,2.2,-0.6,-2.1,,
2023-08-26 07:00:00,156,20,0,강수없음,80,적설없음,3,25.0,0.5,18,2.2,-0.6,-2.1,,
2023-08-26 07:00:00,157,20,0,강수없음,75,적설없음,3,25.0,0.5,9,1.8,-0.2,-1.8,,
2023-08-26 07:00:00,158,20,0,강수없음,75,적설없음,3,25.0,0.5,9,1.8,-0.2,-1.8,,
2023-08-26 07:00:00,159,20,0,강수없음,90,적설없음,3,24.0,0.0,360,1.7,0.0,-1.7,,
2023-08-26 07:00:00,160,20,0,강수없음,90,적설없음,3,24.0,0.0,360,1.7,0.0,-1.7,,
2023-08-26 07:00:00,161,20,0,강수없음,85,적설없음,3,22.0,0.0,11,1.6,-0.2,-1.6,,
2023-08-26 08:00:00,142,0,0,강수없음,80,적설없음,1,26.0,0.5,32,3.4,-1.7,-2.9,,
2023-08-26 08:00:00,143,0,0,강수없음,75,적설없음,1,26.0,0.5,34,3.6,-1.9,-3.0,,
2023-08-26 08:00:00,144,0,0,강수없음,85,적설없음,1,27.0,0.0,348,2.5,0.5,-2.4,,
2023-08-26 08:00:00,145,20,0,강수없음,85,적설없음,3,26.0,0.5,7,2.3,-0.2,-2.3,,
2023-08-26 08:00:00,146,0,0,강수없음,80,적설없음,1,26.0,0.5,30,4.2,-2.0,-3.6,,
2023-08-26 08:00:00,147,0,0,강수없음,85,적설없음,1,26.0,0.5,21,5.3,-1.8,-5.0,,
2023-08-26 08:00:00,148,0,0,강수없음,80,적설없음,1,27.0,0.5,345,2.8,0.7,-2.7,,
2023-08-26 08:00:00,149,20,0,강수없음,75,적설없음,3,26.0,0.5,24,2.2,-0.8,-2.0,,
2023-08-26 08:00:00,150,20,0,강수없음,75,적설없음,3,26.0,0.5,24,2.2,-0.8,-2.0,,
2023-08-26 08:00:00,151,20,0,강수없음,75,적설없음,3,26.0,0.5,24,2.2,-0.8,-2.0,,
2023-08-26 08:00:00,152,20,0,강수없음,75,적설없음,3,26.0,0.5,24,2.2,-0.8,-2.0,,
2023-08-26 08:00:00,153,20,0,강수없음,75,적설없음,3,26.0,0.5,24,2.2,-0.8,-2.0,,
2023-08-26 08:00:00,154,20,0,강수없음,75,적설없음,3,26.0,0.5,24,2.2,-0.8,-2.0,,
2023-08-26 08:00:00,155,20,0,강수없음,75,적설없음,3,26.0,0.5,29,2.6,-1.2,-2.3,,
2023-08-26 08:00:00,156,20,0,강수없음,75,적설없음,3,26.0,0.5,29,2.6,-1.2,-2.3,,
2023-08-26 08:00:00,157,20,0,강수없음,75,적설없음,3,26.0,0.5,24,2.2,-0.8,-2.0,,
2023-08-26 08:00:00,158,20,0,강수없음,75,적설없음,3,26.0,0.5,24,2.2,-0.8,-2.0,,
2023-08-26 08:00:00,159,20,0,강수없음,85,적설없음,3,26.0,0.0,14,2.1,-0.4,-2.0,,
2023-08-26 08:00:00,160,20,0,강수없음,85,적설없음,3,26.0,0.0,14,2.1,-0.4,-2.0,,
2023-08-26 08:00:00,161,20,0,강수없음,85,적설없음,3,24.0,0.0,23,2.1,-0.7,-1.9,,
2023-08-26 09:00:00,142,0,0,강수없음,75,적설없음,1,27.0,0.5,16,3.3,-0.8,-3.2,,
2023-08-26 09:00:00,143,0,0,강수없음,70,적설없음,1,27.0,0.5,17,3.4,-0.9,-3.3,,
2023-08-26 09:00:00,144,0,0,강수없음,80,적설없음,1,28.0,0.0,346,2.5,0.6,-2.4,,
2023-08-26 09:00:00,145,0,0,강수없음,75,적설없음,1,27.0,0.5,355,2.4,0.2,-2.4,,
2023-08-26 09:00:00,146,0,0,강수없음,75,적설없음,1,27.0,0.5,17,4.1,-1.1,-3.9,,
2023-08-26 09:00:00,147,0,0,강수없음,80,적설없음,1,27.0,0.5,10,5.7,-0.9,-5.6,,
2023-08-26 09:00:00,148,0,0,강수없음,75,적설없음,1,28.0,0.5,344,2.6,0.7,-2.5,,
2023-08-26 09:00:00,149,0,0,강수없음,70,적설없음,1,28.0,0.5,7,2.3,-0.2,-2.3,,
2023-08-26 09:00:00,150,0,0,강수없음,70,적설없음,1,28.0,0.5,7,2.3,-0.2,-2.3,,
2023-08-26 09:00:00,151,0,0,강수없음,70,적설없음,1,28.0,0.5,7,2.3,-0.2,-2.3,,
2023-08-26 09:00:00,152,0,0,강수없음,70,적설없음,1,28.0,0.5,7,2.3,-0.2,-2.3,,
2023-08-26 09:00:00,153,0,0,강수없음,70,적설없음,1,28.0,0.5,7,2.3,-0.2,-2.3,,
2023-08-26 09:00:00,154,0,0,강수없음,70,적설없음,1,28.0,0.5,7,2.3,-0.2,-2.3,,
2023-08-26 09:00:00,155,0,0,강수없음,75,적설없음,1,27.0,0.5,13,2.7,-0.5,-2.6,,
2023-08-26 09:00:00,156,0,0,강수없음,75,적설없음,1,27.0,0.5,13,2.7,-0.5,-2.6,,
2023-08-26 09:00:00,157,0,0,강수없음,70,적설없음,1,28.0,0.5,7,2.3,-0.2,-2.3,,
2023-08-26 09:00:00,158,0,0,강수없음,70,적설없음,1,28.0,0.5,7,2.3,-0.2,-2.3,,
2023-08-26 09:00:00,159,0,0,강수없음,75,적설없음,1,27.0,0.0,3,2.2,0.0,-2.2,,
2023-08-26 09:00:00,160,0,0,강수없음,75,적설없음,1,27.0,0.0,3,2.2,0.0,-2.2,,
2023-08-26 09:00:00,161,0,0,강수없음,75,적설없음,1,25.0,0.0,8,2.1,-0.2,-2.1,,
2023-08-26 10:00:00,142,0,0,강수없음,70,적설없음,1,28.0,0.5,13,3.5,-0.7,-3.4,,
2023-08-26 10:00:00,143,0,0,강수없음,70,적설없음,1,27.0,0.5,14,3.7,-0.8,-3.6,,
2023-08-26 10:00:00,144,0,0,강수없음,75,적설없음,1,28.0,0.0,346,3.0,0.7,-2.9,,
2023-08-26 10:00:00,145,0,0,강수없음,75,적설없음,1,27.0,0.5,356,2.7,0.2,-2.7,,
2023-08-26 10:00:00,146,0,0,강수없음,70,적설없음,1,27.0,0.5,16,4.3,-1.1,-4.1,,
2023-08-26 10:00:00,147,0,0,강수없음,80,적설없음,1,27.0,0.5,14,5.4,-1.2,-5.2,,
2023-08-26 10:00:00,148,0,0,강수없음,80,적설없음,1,28.0,0.5,342,3.3,1.0,-3.1,,
2023-08-26 10:00:00,149,0,0,강수없음,65,적설없음,1,28.0,0.5,9,2.6,-0.3,-2.6,,
2023-08-26 10:00:00,150,0,0,강수없음,65,적설없음,1,28.0,0.5,9,2.6,-0.3,-2.6,,
2023-08-26 10:00:00,151,0,0,강수없음,65,적설없음,1,28.0,0.5,9,2.6,-0.3,-2.6,,
2023-08-26 10:00:00,152,0,0,강수없음,65,적설없음,1,28.0,0.5,9,2.6,-0.3,-2.6,,
2023-08-26 10:00:00,153,0,0,강수없음,65,적설없음,1,28.0,0.5,9,2.6,-0.3,-2.6,,
2023-08-26 10:00:00,154,0,0,강수없음,65,적설없음,1,28.0,0.5,9,2.6,-0.3,-2.6,,
2023-08-26 10:00:00,155,0,0,강수없음,70,적설없음,1,27.0,0.5,12,3.0,-0.5,-2.9,,
2023-08-26 10:00:00,156,0,0,강수없음,70,적설없음,1,27.0,0.5,12,3.0,-0.5,-2.9,,
2023-08-26 10:00:00,157,0,0,강수없음,65,적설없음,1,28.0,0.5,9,2.6,-0.3,-2.6,,
2023-08-26 10:00:00,158,0,0,강수없음,65,적설없음,1,28.0,0.5,9,2.6,-0.3,-2.6,,
2023-08-26 10:00:00,159,0,0,강수없음,75,적설없음,1,27.0,0.0,4,2.6,-0.1,-2.6,,
2023-08-26 10:00:00,160,0,0,강수없음,75,적설없음,1,27.0,0.0,4,2.6,-0.1,-2.6,,
2023-08-26 10:00:00,161,0,0,강수없음,75,적설없음,1,26.0,0.0,10,2.3,-0.3,-2.3,,
2023-08-26 11:00:00,142,0,0,강수없음,65,적설없음,1,28.0,0.5,13,3.6,-0.7,-3.5,,
2023-08-26 11:00:00,143,0,0,강수없음,65,적설없음,1,28.0,0.5,16,3.7,-0.9,-3.6,,
2023-08-26 11:00:00,144,0,0,강수없음,75,적설없음,1,28.0,0.0,356,3.0,0.2,-3.0,,
2023-08-26 11:00:00,145,0,0,강수없음,75,적설없음,1,27.0,0.5,8,2.7,-0.3,-2.7,,
2023-08-26 11:00:00,146,0,0,강수없음,70,적설없음,1,28.0,0.5,12,4.3,-0.8,-4.2,,
2023-08-26 11:00:00,147,0,0,강수없음,80,적설없음,1,28.0,0.5,18,4.6,-1.3,-4.4,,
2023-08-26 11:00:00,148,0,0,강수없음,75,적설없음,1,29.0,0.5,351,3.3,0.5,-3.3,,
2023-08-26 11:00:00,149,0,0,강수없음,65,적설없음,1,28.0,0.5,19,2.8,-0.8,-2.6,,
2023-08-26 11:00:00,150,0,0,강수없음,65,적설없음,1,28.0,0.5,19,2.8,-0.8,-2.6,,
2023-08-26 11:00:00,151,0,0,강수없음,65,적설없음,1,28.0,0.5,19,2.8,-0.8,-2.6,,
2023-08-26 11:00:00,152,0,0,강수없음,65,적설없음,1,28.0,0.5,19,2.8,-0.8,-2.6,,
2023-08-26 11:00:00,153,0,0,강수없음,65,적설없음,1,28.0,0.5,19,2.8,-0.8,-2.6,,
2023-08-26 11:00:00,154,0,0,강수없음,65,적설없음,1,28.0,0.5,19,2.8,-0.8,-2.6,,
2023-08-26 11:00:00,155,0,0,강수없음,70,적설없음,1,28.0,0.5,19,3.1,-0.9,-2.9,,
2023-08-26 11:00:00,156,0,0,강수없음,70,적설없음,1,28.0,0.5,19,3.1,-0.9,-2.9,,
2023-08-26 11:00:00,157,0,0,강수없음,65,적설없음,1,28.0,0.5,19,2.8,-0.8,-2.6,,
2023-08-26 11:00:00,158,0,0,강수없음,65,적설없음,1,28.0,0.5,19,2.8,-0.8,-2.6,,
2023-08-26 11:00:00,159,0,0,강수없음,70,적설없음,1,28.0,0.0,16,2.6,-0.6,-2.5,,
2023-08-26 11:00:00,160,0,0,강수없음,70,적설없음,1,28.0,0.0,16,2.6,-0.6,-2.5,,
2023-08-26 11:00:00,161,0,0,강수없음,70,적설없음,1,26.0,0.0,22,2.4,-0.8,-2.2,,
2023-08-26 12:00:00,142,0,0,강수없음,65,적설없음,1,29.0,0.5,25,3.1,-1.2,-2.8,,
2023-08-26 12:00:00,143,0,0,강수없음,65,적설없음,1,28.0,0.5,30,3.4,-1.6,-2.9,,
2023-08-26 12:00:00,144,0,0,강수없음,75,적설없음,1,29.0,0.0,4,2.9,-0.1,-2.9,,
2023-08-26 12:00:00,145,0,0,강수없음,70,적설없음,1,28.0,0.5,28,2.4,-1.0,-2.1,,
2023-08-26 12:00:00,146,0,0,강수없음,70,적설없음,1,28.0,0.5,19,3.7,-1.1,-3.5,,
2023-08-26 12:00:00,147,0,0,강수없음,75,적설없음,1,28.0,0.5,38,3.4,-2.0,-2.7,,
2023-08-26 12:00:00,148,0,0,강수없음,75,적설없음,1,29.0,0.5,358,3.2,0.1,-3.2,,
2023-08-26 12:00:00,149,0,0,강수없음,60,적설없음,1,29.0,0.5,42,2.7,-1.7,-2.0,,
2023-08-26 12:00:00,150,0,0,강수없음,60,적설없음,1,29.0,0.5,42,2.7,-1.7,-2.0,,
2023-08-26 12:00:00,151,0,0,강수없음,60,적설없음,1,29.0,0.5,42,2.7,-1.7,-2.0,,
2023-08-26 12:00:00,152,0,0,강수없음,60,적설없음,1,29.0,0.5,42,2.7,-1.7,-2.0,,
2023-08-26 12:00:00,153,0,0,강수없음,60,적설없음,1,29.0,0.5,42,2.7,-1.7,-2.0,,
2023-08-26 12:00:00,154,0,0,강수없음,60,적설없음,1,29.0,0.5,42,2.7,-1.7,-2.0,,
2023-08-26 12:00:00,155,0,0,강수없음,70,적설없음,1,28.0,0.5,40,3.0,-1.8,-2.3,,
2023-08-26 12:00:00,156,0,0,강수없음,70,적설없음,1,28.0,0.5,40,3.0,-1.8,-2.3,,
2023-08-26 12:00:00,157,0,0,강수없음,60,적설없음,1,29.0,0.5,42,2.7,-1.7,-2.0,,
2023-08-26 12:00:00,158,0,0,강수없음,60,적설없음,1,29.0,0.5,42,2.7,-1.7,-2.0,,
2023-08-26 12:00:00,159,0,0,강수없음,65,적설없음,1,28.0,0.0,37,2.5,-1.4,-2.0,,
2023-08-26 12:00:00,160,0,0,강수없음,65,적설없음,1,28.0,0.0,37,2.5,-1.4,-2.0,,
2023-08-26 12:00:00,161,0,0,강수없음,70,적설없음,1,27.0,0.0,45,2.4,-1.6,-1.7,,
2023-08-26 13:00:00,142,20,0,강수없음,70,적설없음,3,28.0,0.5,18,2.6,-0.7,-2.5,,
2023-08-26 13:00:00,143,20,0,강수없음,65,적설없음,3,28.0,0.5,27,3.1,-1.3,-2.8,,
2023-08-26 13:00:00,144,0,0,강수없음,75,적설없음,1,29.0,0.0,28,2.6,-1.1,-2.3,,
2023-08-26 13:00:00,145,0,0,강수없음,70,적설없음,1,28.0,0.5,47,2.6,-1.8,-1.8,,
2023-08-26 13:00:00,146,20,0,강수없음,70,적설없음,3,27.0,0.5,2,3.2,0.0,-3.2,,
2023-08-26 13:00:00,147,0,0,강수없음,75,적설없음,1,28.0,0.5,35,2.4,-1.3,-2.0,,
2023-08-26 13:00:00,148,0,0,강수없음,75,적설없음,1,29.0,0.5,22,2.7,-0.9,-2.5,,
2023-08-26 13:00:00,149,0,0,강수없음,60,적설없음,1,29.0,0.5,54,2.9,-2.2,-1.7,,
2023-08-26 13:00:00,150,0,0,강수없음,60,적설없음,1,29.0,0.5,54,2.9,-2.2,-1.7,,
2023-08-26 13:00:00,151,0,0,강수없음,60,적설없음,1,29.0,0.5,54,2.9,-2.2,-1.7,,
2023-08-26 13:00:00,152,0,0,강수없음,60,적설없음,1,29.0,0.5,54,2.9,-2.2,-1.7,,
2023-08-26 13:00:00,153,0,0,강수없음,60,적설없음,1,29.0,0.5,54,2.9,-2.2,-1.7,,
2023-08-26 13:00:00,154,0,0,강수없음,60,적설없음,1,29.0,0.5,54,2.9,-2.2,-1.7,,
2023-08-26 13:00:00,155,0,0,강수없음,70,적설없음,1,28.0,0.5,46,3.0,-2.1,-2.1,,
2023-08-26 13:00:00,156,0,0,강수없음,70,적설없음,1,28.0,0.5,46,3.0,-2.1,-2.1,,
2023-08-26 13:00:00,157,0,0,강수없음,60,적설없음,1,29.0,0.5,54,2.9,-2.2,-1.7,,
2023-08-26 13:00:00,158,0,0,강수없음,60,적설없음,1,29.0,0.5,54,2.9,-2.2,-1.7,,
2023-08-26 13:00:00,159,0,0,강수없음,65,적설없음,1,29.0,0.0,54,2.7,-2.1,-1.6,,
2023-08-26 13:00:00,160,0,0,강수없음,65,적설없음,1,29.0,0.0,54,2.7,-2.1,-1.6,,
2023-08-26 13:00:00,161,0,0,강수없음,70,적설없음,1,27.0,0.0,63,2.5,-2.1,-1.1,,
2023-08-26 14:00:00,142,20,0,강수없음,70,적설없음,3,29.0,0.5,10,2.8,-0.4,-2.8,,
2023-08-26 14:00:00,143,20,0,강수없음,70,적설없음,3,29.0,0.5,23,3.6,-1.3,-3.3,,
2023-08-26 14:00:00,144,0,0,강수없음,75,적설없음,1,29.0,0.0,27,2.9,-1.2,-2.6,,
2023-08-26 14:00:00,145,0,0,강수없음,70,적설없음,1,28.0,0.5,42,3.1,-2.0,-2.3,,
2023-08-26 14:00:00,146,20,0,강수없음,70,적설없음,3,28.0,0.5,352,3.5,0.5,-3.5,,
2023-08-26 14:00:00,147,0,0,강수없음,75,적설없음,1,28.0,0.5,19,2.1,-0.6,-2.0,,
2023-08-26 14:00:00,148,0,0,강수없음,75,적설없음,1,29.0,0.5,21,3.0,-1.0,-2.8,,
2023-08-26 14:00:00,149,20,0,강수없음,60,적설없음,3,30.0,0.5,50,3.3,-2.4,-2.1,,
2023-08-26 14:00:00,150,20,0,강수없음,60,적설없음,3,30.0,0.5,50,3.3,-2.4,-2.1,,
2023-08-26 14:00:00,151,20,0,강수없음,60,적설없음,3,30.0,0.5,50,3.3,-2.4,-2.1,,
2023-08-26 14:00:00,152,20,0,강수없음,60,적설없음,3,30.0,0.5,50,3.3,-2.4,-2.1,,
2023-08-26 14:00:00,153,20,0,강수없음,60,적설없음,3,30.0,0.5,50,3.3,-2.4,-2.1,,
2023-08-26 14:00:00,154,20,0,강수없음,60,적설없음,3,30.0,0.5,50,3.3,-2.4,-2.1,,
2023-08-26 14:00:00,155,20,0,강수없음,65,적설없음,3,29.0,0.5,43,3.4,-2.2,-2.5,,
2023-08-26 14:00:00,156,20,0,강수없음,65,적설없음,3,29.0,0.5,43,3.4,-2.2,-2.5,,
2023-08-26 14:00:00,157,20,0,강수없음,60,적설없음,3,30.0,0.5,50,3.3,-2.4,-2.1,,
2023-08-26 14:00:00,158,20,0,강수없음,60,적설없음,3,30.0,0.5,50,3.3,-2.4,-2.1,,
2023-08-26 14:00:00,159,20,0,강수없음,65,적설없음,3,29.0,0.0,50,3.1,-2.3,-2.0,,
2023-08-26 14:00:00,160,20,0,강수없음,65,적설없음,3,29.0,0.0,50,3.1,-2.3,-2.0,,
2023-08-26 14:00:00,161,20,0,강수없음,70,적설없음,3,27.0,0.0,59,2.6,-2.1,-1.3,,
2023-08-26 15:00:00,142,20,0,강수없음,70,적설없음,3,29.0,0.5,17,2.8,-0.7,-2.7,,30.0
2023-08-26 15:00:00,143,20,0,강수없음,65,적설없음,3,29.0,0.5,30,3.6,-1.7,-3.1,,30.0
2023-08-26 15:00:00,144,0,0,강수없음,75,적설없음,1,29.0,0.0,27,3.3,-1.4,-2.9,,29.0
2023-08-26 15:00:00,145,20,0,강수없음,70,적설없음,3,28.0,0.5,44,3.6,-2.4,-2.6,,28.0
2023-08-26 15:00:00,146,20,0,강수없음,70,적설없음,3,28.0,0.5,357,3.5,0.2,-3.5,,29.0
2023-08-26 15:00:00,147,0,0,강수없음,75,적설없음,1,29.0,0.5,9,2.5,-0.3,-2.5,,29.0
2023-08-26 15:00:00,148,0,0,강수없음,75,적설없음,1,29.0,0.5,22,3.5,-1.2,-3.2,,30.0
2023-08-26 15:00:00,149,20,0,강수없음,60,적설없음,3,30.0,0.5,52,3.6,-2.7,-2.2,,30.0
2023-08-26 15:00:00,150,20,0,강수없음,60,적설없음,3,30.0,0.5,52,3.6,-2.7,-2.2,,30.0
2023-08-26 15:00:00,151,20,0,강수없음,60,적설없음,3,30.0,0.5,52,3.6,-2.7,-2.2,,30.0
2023-08-26 15:00:00,152,20,0,강수없음,60,적설없음,3,30.0,0.5,52,3.6,-2.7,-2.2,,30.0
2023-08-26 15:00:00,153,20,0,강수없음,60,적설없음,3,30.0,0.5,52,3.6,-2.7,-2.2,,30.0
2023-08-26 15:00:00,154,20,0,강수없음,60,적설없음,3,30.0,0.5,52,3.6,-2.7,-2.2,,30.0
2023-08-26 15:00:00,155,20,0,강수없음,65,적설없음,3,29.0,0.5,47,3.7,-2.6,-2.5,,29.0
2023-08-26 15:00:00,156,20,0,강수없음,65,적설없음,3,29.0,0.5,47,3.7,-2.6,-2.5,,29.0
2023-08-26 15:00:00,157,20,0,강수없음,60,적설없음,3,30.0,0.5,52,3.6,-2.7,-2.2,,30.0
2023-08-26 15:00:00,158,20,0,강수없음,60,적설없음,3,30.0,0.5,52,3.6,-2.7,-2.2,,30.0
2023-08-26 15:00:00,159,20,0,강수없음,70,적설없음,3,29.0,0.0,50,3.4,-2.5,-2.2,,29.0
2023-08-26 15:00:00,160,20,0,강수없음,70,적설없음,3,29.0,0.0,50,3.4,-2.5,-2.2,,29.0
2023-08-26 15:00:00,161,20,0,강수없음,70,적설없음,3,27.0,0.0,58,2.8,-2.3,-1.5,,28.0
2023-08-26 16:00:00,142,20,0,강수없음,65,적설없음,3,29.0,0.5,21,2.8,-0.9,-2.6,,
2023-08-26 16:00:00,143,20,0,강수없음,70,적설없음,3,29.0,0.5,36,3.6,-2.0,-2.9,,
2023-08-26 16:00:00,144,0,0,강수없음,75,적설없음,1,29.0,0.0,38,3.3,-1.9,-2.6,,
2023-08-26 16:00:00,145,0,0,강수없음,70,적설없음,1,28.0,0.5,51,3.8,-2.9,-2.4,,
2023-08-26 16:00:00,146,20,0,강수없음,70,적설없음,3,28.0,0.5,358,3.4,0.1,-3.4,,
2023-08-26 16:00:00,147,0,0,강수없음,75,적설없음,1,28.0,0.5,357,3.6,0.2,-3.6,,
2023-08-26 16:00:00,148,0,0,강수없음,75,적설없음,1,29.0,0.5,37,3.5,-2.0,-2.8,,
2023-08-26 16:00:00,149,20,0,강수없음,60,적설없음,3,29.0,0.5,57,3.7,-3.0,-2.0,,
2023-08-26 16:00:00,150,20,0,강수없음,60,적설없음,3,29.0,0.5,57,3.7,-3.0,-2.0,,
2023-08-26 16:00:00,151,20,0,강수없음,60,적설없음,3,29.0,0.5,57,3.7,-3.0,-2.0,,
2023-08-26 16:00:00,152,20,0,강수없음,60,적설없음,3,29.0,0.5,57,3.7,-3.0,-2.0,,
2023-08-26 16:00:00,153,20,0,강수없음,60,적설없음,3,29.0,0.5,57,3.7,-3.0,-2.0,,
2023-08-26 16:00:00,154,20,0,강수없음,60,적설없음,3,29.0,0.5,57,3.7,-3.0,-2.0,,
2023-08-26 16:00:00,155,20,0,강수없음,65,적설없음,3,28.0,0.5,53,3.9,-3.0,-2.3,,
2023-08-26 16:00:00,156,20,0,강수없음,65,적설없음,3,28.0,0.5,53,3.9,-3.0,-2.3,,
2023-08-26 16:00:00,157,20,0,강수없음,60,적설없음,3,29.0,0.5,57,3.7,-3.0,-2.0,,
2023-08-26 16:00:00,158,20,0,강수없음,60,적설없음,3,29.0,0.5,57,3.7,-3.0,-2.0,,
2023-08-26 16:00:00,159,20,0,강수없음,65,적설없음,3,29.0,0.0,55,3.5,-2.8,-2.0,,
2023-08-26 16:00:00,160,20,0,강수없음,65,적설없음,3,29.0,0.0,55,3.5,-2.8,-2.0,,
2023-08-26 16:00:00,161,20,0,강수없음,70,적설없음,3,27.0,0.0,64,3.0,-2.6,-1.3,,
2023-08-26 17:00:00,142,0,0,강수없음,70,적설없음,1,29.0,0.5,29,2.9,-1.3,-2.5,,
2023-08-26 17:00:00,143,0,0,강수없음,70,적설없음,1,28.0,0.5,42,3.8,-2.4,-2.8,,
2023-08-26 17:00:00,144,0,0,강수없음,80,적설없음,1,29.0,0.0,45,3.3,-2.2,-2.3,,
2023-08-26 17:00:00,145,0,0,강수없음,70,적설없음,1,27.0,0.5,56,4.0,-3.2,-2.2,,
2023-08-26 17:00:00,146,0,0,강수없음,75,적설없음,1,28.0,0.5,8,3.4,-0.4,-3.4,,
2023-08-26 17:00:00,147,20,0,강수없음,75,적설없음,3,28.0,0.5,359,5.2,0.1,-5.2,,
2023-08-26 17:00:00,148,0,0,강수없음,75,적설없음,1,29.0,0.5,44,3.5,-2.3,-2.5,,
2023-08-26 17:00:00,149,0,0,강수없음,60,적설없음,1,29.0,0.5,59,3.7,-3.1,-1.9,,
2023-08-26 17:00:00,150,0,0,강수없음,60,적설없음,1,29.0,0.5,59,3.7,-3.1,-1.9,,
2023-08-26 17:00:00,151,0,0,강수없음,60,적설없음,1,29.0,0.5,59,3.7,-3.1,-1.9,,
2023-08-26 17:00:00,152,0,0,강수없음,60,적설없음,1,29.0,0.5,59,3.7,-3.1,-1.9,,
2023-08-26 17:00:00,153,0,0,강수없음,60,적설없음,1,29.0,0.5,59,3.7,-3.1,-1.9,,
2023-08-26 17:00:00,154,0,0,강수없음,60,적설없음,1,29.0,0.5,59,3.7,-3.1,-1.9,,
2023-08-26 17:00:00,155,0,0,강수없음,70,적설없음,1,28.0,0.5,56,4.0,-3.2,-2.2,,
2023-08-26 17:00:00,156,0,0,강수없음,70,적설없음,1,28.0,0.5,56,4.0,-3.2,-2.2,,
2023-08-26 17:00:00,157,0,0,강수없음,60,적설없음,1,29.0,0.5,59,3.7,-3.1,-1.9,,
2023-08-26 17:00:00,158,0,0,강수없음,60,적설없음,1,29.0,0.5,59,3.7,-3.1,-1.9,,
2023-08-26 17:00:00,159,20,0,강수없음,70,적설없음,3,28.0,0.0,58,3.6,-2.9,-1.9,,
2023-08-26 17:00:00,160,20,0,강수없음,70,적설없음,3,28.0,0.0,58,3.6,-2.9,-1.9,,
2023-08-26 17:00:00,161,20,0,강수없음,75,적설없음,3,27.0,0.0,68,2.9,-2.6,-1.1,,
2023-08-26 18:00:00,142,20,0,강수없음,75,적설없음,3,28.0,0.5,38,3.1,-1.8,-2.4,,
2023-08-26 18:00:00,143,20,0,강수없음,75,적설없음,3,28.0,0.5,46,4.0,-2.8,-2.8,,
2023-08-26 18:00:00,144,0,0,강수없음,80,적설없음,1,28.0,0.0,40,3.3,-2.0,-2.5,,
2023-08-26 18:00:00,145,20,0,강수없음,75,적설없음,3,27.0,0.5,54,4.1,-3.2,-2.4,,
2023-08-26 18:00:00,146,20,0,강수없음,75,적설없음,3,28.0,0.5,22,3.5,-1.2,-3.2,,
2023-08-26 18:00:00,147,20,0,강수없음,75,적설없음,3,27.0,0.5,6,5.7,-0.5,-5.7,,
2023-08-26 18:00:00,148,0,0,강수없음,80,적설없음,1,29.0,0.5,37,3.5,-2.0,-2.8,,
2023-08-26 18:00:00,149,20,0,강수없음,65,적설없음,3,29.0,0.5,57,3.8,-3.1,-2.1,,
2023-08-26 18:00:00,150,20,0,강수없음,65,적설없음,3,29.0,0.5,57,3.8,-3.1,-2.1,,
2023-08-26 18:00:00,151,20,0,강수없음,65,적설없음,3,29.0,0.5,57,3.8,-3.1,-2.1,,
2023-08-26 18:00:00,152,20,0,강수없음,65,적설없음,3,29.0,0.5,57,3.8,-3.1,-2.1,,
2023-08-26 18:00:00,153,20,0,강수없음,65,적설없음,3,29.0,0.5,57,3.8,-3.1,-2.1,,
2023-08-26 18:00:00,154,20,0,강수없음,65,적설없음,3,29.0,0.5,57,3.8,-3.1,-2.1,,
2023-08-26 18:00:00,155,20,0,강수없음,70,적설없음,3,28.0,0.5,55,4.2,-3.3,-2.4,,
2023-08-26 18:00:00,156,20,0,강수없음,70,적설없음,3,28.0,0.5,55,4.2,-3.3,-2.4,,
2023-08-26 18:00:00,157,20,0,강수없음,65,적설없음,3,29.0,0.5,57,3.8,-3.1,-2.1,,
2023-08-26 18:00:00,158,20,0,강수없음,65,적설없음,3,29.0,0.5,57,3.8,-3.1,-2.1,,
2023-08-26 18:00:00,159,20,0,강수없음,75,적설없음,3,28.0,0.0,55,3.7,-2.9,-2.1,,
2023-08-26 18:00:00,160,20,0,강수없음,75,적설없음,3,28.0,0.0,55,3.7,-2.9,-2.1,,
2023-08-26 18:00:00,161,20,0,강수없음,75,적설없음,3,26.0,0.0,63,3.0,-2.6,-1.4,,
2023-08-26 19:00:00,142,20,0,강수없음,80,적설없음,3,27.0,0.5,50,3.0,-2.2,-1.9,,
2023-08-26 19:00:00,143,20,0,강수없음,80,적설없음,3,27.0,0.5,52,3.9,-3.0,-2.4,,
2023-08-26 19:00:00,144,0,0,강수없음,85,적설없음,1,27.0,0.0,36,2.7,-1.5,-2.2,,
2023-08-26 19:00:00,145,20,0,강수없음,80,적설없음,3,26.0,0.5,58,3.6,-2.9,-1.9,,
2023-08-26 19:00:00,146,20,0,강수없음,80,적설없음,3,27.0,0.5,40,3.4,-2.1,-2.6,,
2023-08-26 19:00:00,147,20,0,강수없음,75,적설없음,3,27.0,0.5,12,5.4,-1.0,-5.3,,
2023-08-26 19:00:00,148,0,0,강수없음,85,적설없음,1,28.0,0.5,32,3.2,-1.6,-2.7,,
2023-08-26 19:00:00,149,20,0,강수없음,70,적설없음,3,28.0,0.5,58,3.2,-2.6,-1.7,,
2023-08-26 19:00:00,150,20,0,강수없음,70,적설없음,3,28.0,0.5,58,3.2,-2.6,-1.7,,
2023-08-26 19:00:00,151,20,0,강수없음,70,적설없음,3,28.0,0.5,58,3.2,-2.6,-1.7,,
2023-08-26 19:00:00,152,20,0,강수없음,70,적설없음,3,28.0,0.5,58,3.2,-2.6,-1.7,,
2023-08-26 19:00:00,153,20,0,강수없음,70,적설없음,3,28.0,0.5,58,3.2,-2.6,-1.7,,
2023-08-26 19:00:00,154,20,0,강수없음,70,적설없음,3,28.0,0.5,58,3.2,-2.6,-1.7,,
2023-08-26 19:00:00,155,20,0,강수없음,75,적설없음,3,27.0,0.5,57,3.7,-3.0,-2.0,,
2023-08-26 19:00:00,156,20,0,강수없음,75,적설없음,3,27.0,0.5,57,3.7,-3.0,-2.0,,
2023-08-26 19:00:00,157,20,0,강수없음,70,적설없음,3,28.0,0.5,58,3.2,-2.6,-1.7,,
2023-08-26 19:00:00,158,20,0,강수없음,70,적설없음,3,28.0,0.5,58,3.2,-2.6,-1.7,,
2023-08-26 19:00:00,159,20,0,강수없음,80,적설없음,3,26.0,0.0,57,3.0,-2.4,-1.6,,
2023-08-26 19:00:00,160,20,0,강수없음,80,적설없음,3,26.0,0.0,57,3.0,-2.4,-1.6,,
2023-08-26 19:00:00,161,20,0,강수없음,80,적설없음,3,24.0,0.0,61,2.5,-2.1,-1.2,,
2023-08-26 20:00:00,142,20,0,강수없음,85,적설없음,3,26.0,0.5,68,2.7,-2.4,-1.0,,
2023-08-26 20:00:00,143,20,0,강수없음,80,적설없음,3,27.0,0.5,67,3.4,-3.0,-1.3,,
2023-08-26 20:00:00,144,0,0,강수없음,90,적설없음,1,26.0,0.0,43,2.1,-1.3,-1.5,,
2023-08-26 20:00:00,145,20,0,강수없음,80,적설없음,3,26.0,0.5,68,2.9,-2.6,-1.1,,
2023-08-26 20:00:00,146,20,0,강수없음,80,적설없음,3,26.0,0.5,60,3.2,-2.7,-1.6,,
2023-08-26 20:00:00,147,20,0,강수없음,80,적설없음,3,26.0,0.5,17,4.8,-1.3,-4.6,,
2023-08-26 20:00:00,148,0,0,강수없음,85,적설없음,1,27.0,0.5,39,2.6,-1.5,-2.0,,
2023-08-26 20:00:00,149,20,0,강수없음,70,적설없음,3,28.0,0.5,71,2.8,-2.5,-0.9,,
2023-08-26 20:00:00,150,20,0,강수없음,70,적설없음,3,28.0,0.5,71,2.8,-2.5,-0.9,,
2023-08-26 20:00:00,151,20,0,강수없음,70,적설없음,3,28.0,0.5,71,2.8,-2.5,-0.9,,
2023-08-26 20:00:00,152,20,0,강수없음,70,적설없음,3,28.0,0.5,71,2.8,-2.5,-0.9,,
2023-08-26 20:00:00,153,20,0,강수없음,70,적설없음,3,28.0,0.5,71,2.8,-2.5,-0.9,,
2023-08-26 20:00:00,154,20,0,강수없음,70,적설없음,3,28.0,0.5,71,2.8,-2.5,-0.9,,
2023-08-26 20:00:00,155,20,0,강수없음,75,적설없음,3,27.0,0.5,69,3.1,-2.8,-1.1,,
2023-08-26 20:00:00,156,20,0,강수없음,75,적설없음,3,27.0,0.5,69,3.1,-2.8,-1.1,,
2023-08-26 20:00:00,157,20,0,강수없음,70,적설없음,3,28.0,0.5,71,2.8,-2.5,-0.9,,
2023-08-26 20:00:00,158,20,0,강수없음,70,적설없음,3,28.0,0.5,71,2.8,-2.5,-0.9,,
2023-08-26 20:00:00,159,20,0,강수없음,80,적설없음,3,25.0,0.0,71,2.4,-2.2,-0.8,,
2023-08-26 20:00:00,160,20,0,강수없음,80,적설없음,3,25.0,0.0,71,2.4,-2.2,-0.8,,
2023-08-26 20:00:00,161,20,0,강수없음,80,적설없음,3,24.0,0.0,74,2.2,-2.0,-0.6,,
2023-08-26 21:00:00,142,0,0,강수없음,85,적설없음,1,26.0,0.5,74,1.9,-1.7,-0.5,,
2023-08-26 21:00:00,143,0,0,강수없음,80,적설없음,1,27.0,0.5,69,2.6,-2.3,-0.9,,
2023-08-26 21:00:00,144,20,0,강수없음,90,적설없음,3,26.0,0.0,48,1.3,-0.9,-0.9,,
2023-08-26 21:00:00,145,20,0,강수없음,80,적설없음,3,25.0,0.5,69,2.2,-2.0,-0.8,,
2023-08-26 21:00:00,146,0,0,강수없음,80,적설없음,1,26.0,0.5,70,2.3,-2.1,-0.8,,
2023-08-26 21:00:00,147,20,0,강수없음,80,적설없음,3,26.0,0.5,12,4.7,-0.9,-4.6,,
2023-08-26 21:00:00,148,20,0,강수없음,85,적설없음,3,27.0,0.5,49,1.8,-1.3,-1.2,,
2023-08-26 21:00:00,149,20,0,강수없음,70,적설없음,3,27.0,0.5,74,2.2,-2.0,-0.6,,
2023-08-26 21:00:00,150,20,0,강수없음,70,적설없음,3,27.0,0.5,74,2.2,-2.0,-0.6,,
2023-08-26 21:00:00,151,20,0,강수없음,70,적설없음,3,27.0,0.5,74,2.2,-2.0,-0.6,,
2023-08-26 21:00:00,152,20,0,강수없음,70,적설없음,3,27.0,0.5,74,2.2,-2.0,-0.6,,
2023-08-26 21:00:00,153,20,0,강수없음,70,적설없음,3,27.0,0.5,74,2.2,-2.0,-0.6,,
2023-08-26 21:00:00,154,20,0,강수없음,70,적설없음,3,27.0,0.5,74,2.2,-2.0,-0.6,,
2023-08-26 21:00:00,155,0,0,강수없음,75,적설없음,1,27.0,0.5,72,2.5,-2.3,-0.8,,
2023-08-26 21:00:00,156,0,0,강수없음,75,적설없음,1,27.0,0.5,72,2.5,-2.3,-0.8,,
2023-08-26 21:00:00,157,20,0,강수없음,70,적설없음,3,27.0,0.5,74,2.2,-2.0,-0.6,,
2023-08-26 21:00:00,158,20,0,강수없음,70,적설없음,3,27.0,0.5,74,2.2,-2.0,-0.6,,
2023-08-26 21:00:00,159,20,0,강수없음,80,적설없음,3,25.0,0.0,72,1.9,-1.7,-0.6,,
2023-08-26 21:00:00,160,20,0,강수없음,80,적설없음,3,25.0,0.0,72,1.9,-1.7,-0.6,,
2023-08-26 21:00:00,161,20,0,강수없음,80,적설없음,3,23.0,0.0,77,1.7,-1.6,-0.4,,
2023-08-26 22:00:00,142,0,0,강수없음,85,적설없음,1,25.0,0.5,65,1.4,-1.2,-0.6,,
2023-08-26 22:00:00,143,0,0,강수없음,80,적설없음,1,26.0,0.5,63,2.0,-1.7,-0.9,,
2023-08-26 22:00:00,144,20,0,강수없음,90,적설없음,3,25.0,0.0,48,1.3,-0.9,-0.9,,
2023-08-26 22:00:00,145,0,0,강수없음,80,적설없음,1,25.0,0.5,63,2.0,-1.7,-0.9,,
2023-08-26 22:00:00,146,0,0,강수없음,80,적설없음,1,26.0,0.5,72,1.9,-1.7,-0.6,,
2023-08-26 22:00:00,147,20,0,강수없음,85,적설없음,3,26.0,0.5,8,5.3,-0.6,-5.3,,
2023-08-26 22:00:00,148,20,0,강수없음,85,적설없음,3,26.0,0.5,52,1.6,-1.2,-1.0,,
2023-08-26 22:00:00,149,0,0,강수없음,70,적설없음,1,27.0,0.5,67,1.5,-1.3,-0.6,,
2023-08-26 22:00:00,150,0,0,강수없음,70,적설없음,1,27.0,0.5,67,1.5,-1.3,-0.6,,
2023-08-26 22:00:00,151,0,0,강수없음,70,적설없음,1,27.0,0.5,67,1.5,-1.3,-0.6,,
2023-08-26 22:00:00,152,0,0,강수없음,70,적설없음,1,27.0,0.5,67,1.5,-1.3,-0.6,,
2023-08-26 22:00:00,153,0,0,강수없음,70,적설없음,1,27.0,0.5,67,1.5,-1.3,-0.6,,
2023-08-26 22:00:00,154,0,0,강수없음,70,적설없음,1,27.0,0.5,67,1.5,-1.3,-0.6,,
2023-08-26 22:00:00,155,0,0,강수없음,75,적설없음,1,26.0,0.5,65,1.9,-1.6,-0.8,,
2023-08-26 22:00:00,156,0,0,강수없음,75,적설없음,1,26.0,0.5,65,1.9,-1.6,-0.8,,
2023-08-26 22:00:00,157,0,0,강수없음,70,적설없음,1,27.0,0.5,67,1.5,-1.3,-0.6,,
2023-08-26 22:00:00,158,0,0,강수없음,70,적설없음,1,27.0,0.5,67,1.5,-1.3,-0.6,,
2023-08-26 22:00:00,159,0,0,강수없음,80,적설없음,1,25.0,0.0,67,1.5,-1.3,-0.6,,
2023-08-26 22:00:00,160,0,0,강수없음,80,적설없음,1,25.0,0.0,67,1.5,-1.3,-0.6,,
2023-08-26 22:00:00,161,0,0,강수없음,80,적설없음,1,23.0,0.0,72,1.3,-1.1,-0.4,,
2023-08-26 23:00:00,142,0,0,강수없음,85,적설없음,1,25.0,0.5,45,1.6,-1.0,-1.1,,
2023-08-26 23:00:00,143,0,0,강수없음,80,적설없음,1,26.0,0.5,45,2.0,-1.3,-1.4,,
2023-08-26 23:00:00,144,0,0,강수없음,90,적설없음,1,25.0,0.0,31,1.2,-0.5,-1.0,,
2023-08-26 23:00:00,145,0,0,강수없음,80,적설없음,1,25.0,0.5,41,2.0,-1.2,-1.5,,
2023-08-26 23:00:00,146,0,0,강수없음,80,적설없음,1,26.0,0.5,58,1.9,-1.5,-1.0,,
2023-08-26 23:00:00,147,30,0,강수없음,85,적설없음,4,25.0,0.5,14,5.5,-1.2,-5.3,,
2023-08-26 23:00:00,148,20,0,강수없음,85,적설없음,3,26.0,0.5,42,1.2,-0.7,-0.9,,
2023-08-26 23:00:00,149,0,0,강수없음,70,적설없음,1,27.0,0.5,51,1.4,-1.0,-0.9,,
2023-08-26 23:00:00,150,0,0,강수없음,70,적설없음,1,27.0,0.5,51,1.4,-1.0,-0.9,,
2023-08-26 23:00:00,151,0,0,강수없음,70,적설없음,1,27.0,0.5,51,1.4,-1.0,-0.9,,
2023-08-26 23:00:00,152,0,0,강수없음,70,적설없음,1,27.0,0.5,51,1.4,-1.0,-0.9,,
2023-08-26 23:00:00,153,0,0,강수없음,70,적설없음,1,27.0,0.5,51,1.4,-1.0,-0.9,,
2023-08-26 23:00:00,154,0,0,강수없음,70,적설없음,1,27.0,0.5,51,1.4,-1.0,-0.9,,
2023-08-26 23:00:00,155,0,0,강수없음,75,적설없음,1,26.0,0.5,47,1.6,-1.1,-1.1,,
2023-08-26 23:00:00,156,0,0,강수없음,75,적설없음,1,26.0,0.5,47,1.6,-1.1,-1.1,,
2023-08-26 23:00:00,157,0,0,강수없음,70,적설없음,1,27.0,0.5,51,1.4,-1.0,-0.9,,
2023-08-26 23:00:00,158,0,0,강수없음,70,적설없음,1,27.0,0.5,51,1.4,-1.0,-0.9,,
2023-08-26 23:00:00,159,0,0,강수없음,80,적설없음,1,24.0,0.0,48,1.3,-0.9,-0.9,,
2023-08-26 23:00:00,160,0,0,강수없음,80,적설없음,1,24.0,0.0,48,1.3,-0.9,-0.9,,
2023-08-26 23:00:00,161,0,0,강수없음,80,적설없음,1,22.0,0.0,51,1.3,-0.9,-0.8,,
2023-08-27 00:00:00,142,20,0,강수없음,85,적설없음,3,25.0,0.5,57,1.7,-1.3,-0.9,,
2023-08-27 00:00:00,143,0,0,강수없음,80,적설없음,1,25.0,0.5,51,1.9,-1.4,-1.2,,
2023-08-27 00:00:00,144,20,0,강수없음,90,적설없음,3,25.0,0.0,34,0.7,-0.3,-0.6,,
2023-08-27 00:00:00,145,20,0,강수없음,80,적설없음,3,25.0,0.5,45,1.7,-1.1,-1.2,,
2023-08-27 00:00:00,146,20,0,강수없음,80,적설없음,3,25.0,0.5,65,1.9,-1.6,-0.8,,
2023-08-27 00:00:00,147,30,0,강수없음,85,적설없음,4,25.0,0.5,21,5.1,-1.7,-4.8,,
2023-08-27 00:00:00,148,20,0,강수없음,90,적설없음,3,26.0,0.5,51,0.6,-0.4,-0.4,,
2023-08-27 00:00:00,149,0,0,강수없음,70,적설없음,1,26.0,0.5,58,1.3,-1.0,-0.7,,
2023-08-27 00:00:00,150,0,0,강수없음,70,적설없음,1,26.0,0.5,58,1.3,-1.0,-0.7,,
2023-08-27 00:00:00,151,0,0,강수없음,70,적설없음,1,26.0,0.5,58,1.3,-1.0,-0.7,,
2023-08-27 00:00:00,152,0,0,강수없음,70,적설없음,1,26.0,0.5,58,1.3,-1.0,-0.7,,
2023-08-27 00:00:00,153,0,0,강수없음,70,적설없음,1,26.0,0.5,58,1.3,-1.0,-0.7,,
2023-08-27 00:00:00,154,0,0,강수없음,70,적설없음,1,26.0,0.5,58,1.3,-1.0,-0.7,,
2023-08-27 00:00:00,155,0,0,강수없음,75,적설없음,1,25.0,0.5,56,1.4,-1.1,-0.8,,
2023-08-27 00:00:00,156,0,0,강수없음,75,적설없음,1,25.0,0.5,56,1.4,-1.1,-0.8,,
2023-08-27 00:00:00,157,0,0,강수없음,70,적설없음,1,26.0,0.5,58,1.3,-1.0,-0.7,,
2023-08-27 00:00:00,158,0,0,강수없음,70,적설없음,1,26.0,0.5,58,1.3,-1.0,-0.7,,
2023-08-27 00:00:00,159,0,0,강수없음,80,적설없음,1,24.0,0.0,52,1.1,-0.8,-0.7,,
2023-08-27 00:00:00,160,0,0,강수없음,80,적설없음,1,24.0,0.0,52,1.1,-0.8,-0.7,,
2023-08-27 00:00:00,161,20,0,강수없음,80,적설없음,3,22.0,0.0,59,1.2,-0.9,-0.6,,
